X, Y
0.000000e+00, 5.000000e+00
1.000000e-03, 4.999667e+00
2.000000e-03, 4.999333e+00
3.000000e-03, 4.999000e+00
4.000000e-03, 4.998667e+00
5.000000e-03, 4.998333e+00
6.000000e-03, 4.998000e+00
7.000000e-03, 4.997667e+00
8.000000e-03, 4.997333e+00
9.000000e-03, 4.997000e+00
1.000000e-02, 4.996667e+00
1.100000e-02, 4.996333e+00
1.200000e-02, 4.996000e+00
1.300000e-02, 4.995667e+00
1.400000e-02, 4.995333e+00
1.500000e-02, 4.995000e+00
1.600000e-02, 4.994667e+00
1.700000e-02, 4.994333e+00
1.800000e-02, 4.994000e+00
1.900000e-02, 4.993667e+00
2.000000e-02, 4.993333e+00
2.100000e-02, 4.993000e+00
2.200000e-02, 4.992667e+00
2.300000e-02, 4.992333e+00
2.400000e-02, 4.992000e+00
2.500000e-02, 4.991667e+00
2.600000e-02, 4.991333e+00
2.700000e-02, 4.991000e+00
2.800000e-02, 4.990667e+00
2.900000e-02, 4.990333e+00
3.000000e-02, 4.990000e+00
3.100000e-02, 4.989667e+00
3.200000e-02, 4.989333e+00
3.300000e-02, 4.989000e+00
3.400000e-02, 4.988667e+00
3.500000e-02, 4.988333e+00
3.600000e-02, 4.988000e+00
3.700000e-02, 4.987667e+00
3.800000e-02, 4.987333e+00
3.900000e-02, 4.987000e+00
4.000000e-02, 4.986667e+00
4.100000e-02, 4.986333e+00
4.200000e-02, 4.986000e+00
4.300000e-02, 4.985667e+00
4.400000e-02, 4.985333e+00
4.500000e-02, 4.985000e+00
4.600000e-02, 4.984667e+00
4.700000e-02, 4.984333e+00
4.800000e-02, 4.984000e+00
4.900000e-02, 4.983667e+00
5.000000e-02, 4.983333e+00
5.100000e-02, 4.983000e+00
5.200000e-02, 4.982667e+00
5.300000e-02, 4.982333e+00
5.400000e-02, 4.982000e+00
5.500000e-02, 4.981667e+00
5.600000e-02, 4.981333e+00
5.700000e-02, 4.981000e+00
5.800000e-02, 4.980667e+00
5.900000e-02, 4.980333e+00
6.000000e-02, 4.980000e+00
6.100000e-02, 4.979667e+00
6.200000e-02, 4.979333e+00
6.300000e-02, 4.979000e+00
6.400000e-02, 4.978667e+00
6.500000e-02, 4.978333e+00
6.600000e-02, 4.978000e+00
6.700000e-02, 4.977667e+00
6.800000e-02, 4.977333e+00
6.900000e-02, 4.977000e+00
7.000000e-02, 4.976667e+00
7.100000e-02, 4.976333e+00
7.200000e-02, 4.976000e+00
7.300000e-02, 4.975667e+00
7.400000e-02, 4.975333e+00
7.500000e-02, 4.975000e+00
7.600000e-02, 4.974667e+00
7.700000e-02, 4.974333e+00
7.800000e-02, 4.974000e+00
7.900000e-02, 4.973667e+00
8.000000e-02, 4.973333e+00
8.100000e-02, 4.973000e+00
8.200000e-02, 4.972667e+00
8.300000e-02, 4.972333e+00
8.400000e-02, 4.972000e+00
8.500000e-02, 4.971667e+00
8.600000e-02, 4.971333e+00
8.700000e-02, 4.971000e+00
8.800000e-02, 4.970667e+00
8.900000e-02, 4.970333e+00
9.000000e-02, 4.970000e+00
9.100000e-02, 4.969667e+00
9.200000e-02, 4.969333e+00
9.300000e-02, 4.969000e+00
9.400000e-02, 4.968667e+00
9.500000e-02, 4.968333e+00
9.600000e-02, 4.968000e+00
9.700000e-02, 4.967667e+00
9.800000e-02, 4.967333e+00
9.900000e-02, 4.967000e+00
1.000000e-01, 4.966667e+00
1.010000e-01, 4.966333e+00
1.020000e-01, 4.966000e+00
1.030000e-01, 4.965667e+00
1.040000e-01, 4.965333e+00
1.050000e-01, 4.965000e+00
1.060000e-01, 4.964667e+00
1.070000e-01, 4.964333e+00
1.080000e-01, 4.964000e+00
1.090000e-01, 4.963667e+00
1.100000e-01, 4.963333e+00
1.110000e-01, 4.963000e+00
1.120000e-01, 4.962667e+00
1.130000e-01, 4.962333e+00
1.140000e-01, 4.962000e+00
1.150000e-01, 4.961667e+00
1.160000e-01, 4.961333e+00
1.170000e-01, 4.961000e+00
1.180000e-01, 4.960667e+00
1.190000e-01, 4.960333e+00
1.200000e-01, 4.960000e+00
1.210000e-01, 4.959667e+00
1.220000e-01, 4.959333e+00
1.230000e-01, 4.959000e+00
1.240000e-01, 4.958667e+00
1.250000e-01, 4.958333e+00
1.260000e-01, 4.958000e+00
1.270000e-01, 4.957667e+00
1.280000e-01, 4.957333e+00
1.290000e-01, 4.957000e+00
1.300000e-01, 4.956667e+00
1.310000e-01, 4.956333e+00
1.320000e-01, 4.956000e+00
1.330000e-01, 4.955667e+00
1.340000e-01, 4.955333e+00
1.350000e-01, 4.955000e+00
1.360000e-01, 4.954667e+00
1.370000e-01, 4.954333e+00
1.380000e-01, 4.954000e+00
1.390000e-01, 4.953667e+00
1.400000e-01, 4.953333e+00
1.410000e-01, 4.953000e+00
1.420000e-01, 4.952667e+00
1.430000e-01, 4.952333e+00
1.440000e-01, 4.952000e+00
1.450000e-01, 4.951667e+00
1.460000e-01, 4.951333e+00
1.470000e-01, 4.951000e+00
1.480000e-01, 4.950667e+00
1.490000e-01, 4.950333e+00
1.500000e-01, 4.950000e+00
1.510000e-01, 4.949667e+00
1.520000e-01, 4.949333e+00
1.530000e-01, 4.949000e+00
1.540000e-01, 4.948667e+00
1.550000e-01, 4.948333e+00
1.560000e-01, 4.948000e+00
1.570000e-01, 4.947667e+00
1.580000e-01, 4.947333e+00
1.590000e-01, 4.947000e+00
1.600000e-01, 4.946667e+00
1.610000e-01, 4.946333e+00
1.620000e-01, 4.946000e+00
1.630000e-01, 4.945667e+00
1.640000e-01, 4.945333e+00
1.650000e-01, 4.945000e+00
1.660000e-01, 4.944667e+00
1.670000e-01, 4.944333e+00
1.680000e-01, 4.944000e+00
1.690000e-01, 4.943667e+00
1.700000e-01, 4.943333e+00
1.710000e-01, 4.943000e+00
1.720000e-01, 4.942667e+00
1.730000e-01, 4.942333e+00
1.740000e-01, 4.942000e+00
1.750000e-01, 4.941667e+00
1.760000e-01, 4.941333e+00
1.770000e-01, 4.941000e+00
1.780000e-01, 4.940667e+00
1.790000e-01, 4.940333e+00
1.800000e-01, 4.940000e+00
1.810000e-01, 4.939667e+00
1.820000e-01, 4.939333e+00
1.830000e-01, 4.939000e+00
1.840000e-01, 4.938667e+00
1.850000e-01, 4.938333e+00
1.860000e-01, 4.938000e+00
1.870000e-01, 4.937667e+00
1.880000e-01, 4.937333e+00
1.890000e-01, 4.937000e+00
1.900000e-01, 4.936667e+00
1.910000e-01, 4.936333e+00
1.920000e-01, 4.936000e+00
1.930000e-01, 4.935667e+00
1.940000e-01, 4.935333e+00
1.950000e-01, 4.935000e+00
1.960000e-01, 4.934667e+00
1.970000e-01, 4.934333e+00
1.980000e-01, 4.934000e+00
1.990000e-01, 4.933667e+00
2.000000e-01, 4.933333e+00
2.010000e-01, 4.933000e+00
2.020000e-01, 4.932667e+00
2.030000e-01, 4.932333e+00
2.040000e-01, 4.932000e+00
2.050000e-01, 4.931667e+00
2.060000e-01, 4.931333e+00
2.070000e-01, 4.931000e+00
2.080000e-01, 4.930667e+00
2.090000e-01, 4.930333e+00
2.100000e-01, 4.930000e+00
2.110000e-01, 4.929667e+00
2.120000e-01, 4.929333e+00
2.130000e-01, 4.929000e+00
2.140000e-01, 4.928667e+00
2.150000e-01, 4.928333e+00
2.160000e-01, 4.928000e+00
2.170000e-01, 4.927667e+00
2.180000e-01, 4.927333e+00
2.190000e-01, 4.927000e+00
2.200000e-01, 4.926667e+00
2.210000e-01, 4.926333e+00
2.220000e-01, 4.926000e+00
2.230000e-01, 4.925667e+00
2.240000e-01, 4.925333e+00
2.250000e-01, 4.925000e+00
2.260000e-01, 4.924667e+00
2.270000e-01, 4.924333e+00
2.280000e-01, 4.924000e+00
2.290000e-01, 4.923667e+00
2.300000e-01, 4.923333e+00
2.310000e-01, 4.923000e+00
2.320000e-01, 4.922667e+00
2.330000e-01, 4.922333e+00
2.340000e-01, 4.922000e+00
2.350000e-01, 4.921667e+00
2.360000e-01, 4.921333e+00
2.370000e-01, 4.921000e+00
2.380000e-01, 4.920667e+00
2.390000e-01, 4.920333e+00
2.400000e-01, 4.920000e+00
2.410000e-01, 4.919667e+00
2.420000e-01, 4.919333e+00
2.430000e-01, 4.919000e+00
2.440000e-01, 4.918667e+00
2.450000e-01, 4.918333e+00
2.460000e-01, 4.918000e+00
2.470000e-01, 4.917667e+00
2.480000e-01, 4.917333e+00
2.490000e-01, 4.917000e+00
2.500000e-01, 4.916667e+00
2.510000e-01, 4.916333e+00
2.520000e-01, 4.916000e+00
2.530000e-01, 4.915667e+00
2.540000e-01, 4.915333e+00
2.550000e-01, 4.915000e+00
2.560000e-01, 4.914667e+00
2.570000e-01, 4.914333e+00
2.580000e-01, 4.914000e+00
2.590000e-01, 4.913667e+00
2.600000e-01, 4.913333e+00
2.610000e-01, 4.913000e+00
2.620000e-01, 4.912667e+00
2.630000e-01, 4.912333e+00
2.640000e-01, 4.912000e+00
2.650000e-01, 4.911667e+00
2.660000e-01, 4.911333e+00
2.670000e-01, 4.911000e+00
2.680000e-01, 4.910667e+00
2.690000e-01, 4.910333e+00
2.700000e-01, 4.910000e+00
2.710000e-01, 4.909667e+00
2.720000e-01, 4.909333e+00
2.730000e-01, 4.909000e+00
2.740000e-01, 4.908667e+00
2.750000e-01, 4.908333e+00
2.760000e-01, 4.908000e+00
2.770000e-01, 4.907667e+00
2.780000e-01, 4.907333e+00
2.790000e-01, 4.907000e+00
2.800000e-01, 4.906667e+00
2.810000e-01, 4.906333e+00
2.820000e-01, 4.906000e+00
2.830000e-01, 4.905667e+00
2.840000e-01, 4.905333e+00
2.850000e-01, 4.905000e+00
2.860000e-01, 4.904667e+00
2.870000e-01, 4.904333e+00
2.880000e-01, 4.904000e+00
2.890000e-01, 4.903667e+00
2.900000e-01, 4.903333e+00
2.910000e-01, 4.903000e+00
2.920000e-01, 4.902667e+00
2.930000e-01, 4.902333e+00
2.940000e-01, 4.902000e+00
2.950000e-01, 4.901667e+00
2.960000e-01, 4.901333e+00
2.970000e-01, 4.901000e+00
2.980000e-01, 4.900667e+00
2.990000e-01, 4.900333e+00
3.000000e-01, 4.900000e+00
3.010000e-01, 4.899667e+00
3.020000e-01, 4.899333e+00
3.030000e-01, 4.899000e+00
3.040000e-01, 4.898667e+00
3.050000e-01, 4.898333e+00
3.060000e-01, 4.898000e+00
3.070000e-01, 4.897667e+00
3.080000e-01, 4.897333e+00
3.090000e-01, 4.897000e+00
3.100000e-01, 4.896667e+00
3.110000e-01, 4.896333e+00
3.120000e-01, 4.896000e+00
3.130000e-01, 4.895667e+00
3.140000e-01, 4.895333e+00
3.150000e-01, 4.895000e+00
3.160000e-01, 4.894667e+00
3.170000e-01, 4.894333e+00
3.180000e-01, 4.894000e+00
3.190000e-01, 4.893667e+00
3.200000e-01, 4.893333e+00
3.210000e-01, 4.893000e+00
3.220000e-01, 4.892667e+00
3.230000e-01, 4.892333e+00
3.240000e-01, 4.892000e+00
3.250000e-01, 4.891667e+00
3.260000e-01, 4.891333e+00
3.270000e-01, 4.891000e+00
3.280000e-01, 4.890667e+00
3.290000e-01, 4.890333e+00
3.300000e-01, 4.890000e+00
3.310000e-01, 4.889667e+00
3.320000e-01, 4.889333e+00
3.330000e-01, 4.889000e+00
3.340000e-01, 4.888667e+00
3.350000e-01, 4.888333e+00
3.360000e-01, 4.888000e+00
3.370000e-01, 4.887667e+00
3.380000e-01, 4.887333e+00
3.390000e-01, 4.887000e+00
3.400000e-01, 4.886667e+00
3.410000e-01, 4.886333e+00
3.420000e-01, 4.886000e+00
3.430000e-01, 4.885667e+00
3.440000e-01, 4.885333e+00
3.450000e-01, 4.885000e+00
3.460000e-01, 4.884667e+00
3.470000e-01, 4.884333e+00
3.480000e-01, 4.884000e+00
3.490000e-01, 4.883667e+00
3.500000e-01, 4.883333e+00
3.510000e-01, 4.883000e+00
3.520000e-01, 4.882667e+00
3.530000e-01, 4.882333e+00
3.540000e-01, 4.882000e+00
3.550000e-01, 4.881667e+00
3.560000e-01, 4.881333e+00
3.570000e-01, 4.881000e+00
3.580000e-01, 4.880667e+00
3.590000e-01, 4.880333e+00
3.600000e-01, 4.880000e+00
3.610000e-01, 4.879667e+00
3.620000e-01, 4.879333e+00
3.630000e-01, 4.879000e+00
3.640000e-01, 4.878667e+00
3.650000e-01, 4.878333e+00
3.660000e-01, 4.878000e+00
3.670000e-01, 4.877667e+00
3.680000e-01, 4.877333e+00
3.690000e-01, 4.877000e+00
3.700000e-01, 4.876667e+00
3.710000e-01, 4.876333e+00
3.720000e-01, 4.876000e+00
3.730000e-01, 4.875667e+00
3.740000e-01, 4.875333e+00
3.750000e-01, 4.875000e+00
3.760000e-01, 4.874667e+00
3.770000e-01, 4.874333e+00
3.780000e-01, 4.874000e+00
3.790000e-01, 4.873667e+00
3.800000e-01, 4.873333e+00
3.810000e-01, 4.873000e+00
3.820000e-01, 4.872667e+00
3.830000e-01, 4.872333e+00
3.840000e-01, 4.872000e+00
3.850000e-01, 4.871667e+00
3.860000e-01, 4.871333e+00
3.870000e-01, 4.871000e+00
3.880000e-01, 4.870667e+00
3.890000e-01, 4.870333e+00
3.900000e-01, 4.870000e+00
3.910000e-01, 4.869667e+00
3.920000e-01, 4.869333e+00
3.930000e-01, 4.869000e+00
3.940000e-01, 4.868667e+00
3.950000e-01, 4.868333e+00
3.960000e-01, 4.868000e+00
3.970000e-01, 4.867667e+00
3.980000e-01, 4.867333e+00
3.990000e-01, 4.867000e+00
4.000000e-01, 4.866667e+00
4.010000e-01, 4.866333e+00
4.020000e-01, 4.866000e+00
4.030000e-01, 4.865667e+00
4.040000e-01, 4.865333e+00
4.050000e-01, 4.865000e+00
4.060000e-01, 4.864667e+00
4.070000e-01, 4.864333e+00
4.080000e-01, 4.864000e+00
4.090000e-01, 4.863667e+00
4.100000e-01, 4.863333e+00
4.110000e-01, 4.863000e+00
4.120000e-01, 4.862667e+00
4.130000e-01, 4.862333e+00
4.140000e-01, 4.862000e+00
4.150000e-01, 4.861667e+00
4.160000e-01, 4.861333e+00
4.170000e-01, 4.861000e+00
4.180000e-01, 4.860667e+00
4.190000e-01, 4.860333e+00
4.200000e-01, 4.860000e+00
4.210000e-01, 4.859667e+00
4.220000e-01, 4.859333e+00
4.230000e-01, 4.859000e+00
4.240000e-01, 4.858667e+00
4.250000e-01, 4.858333e+00
4.260000e-01, 4.858000e+00
4.270000e-01, 4.857667e+00
4.280000e-01, 4.857333e+00
4.290000e-01, 4.857000e+00
4.300000e-01, 4.856667e+00
4.310000e-01, 4.856333e+00
4.320000e-01, 4.856000e+00
4.330000e-01, 4.855667e+00
4.340000e-01, 4.855333e+00
4.350000e-01, 4.855000e+00
4.360000e-01, 4.854667e+00
4.370000e-01, 4.854333e+00
4.380000e-01, 4.854000e+00
4.390000e-01, 4.853667e+00
4.400000e-01, 4.853333e+00
4.410000e-01, 4.853000e+00
4.420000e-01, 4.852667e+00
4.430000e-01, 4.852333e+00
4.440000e-01, 4.852000e+00
4.450000e-01, 4.851667e+00
4.460000e-01, 4.851333e+00
4.470000e-01, 4.851000e+00
4.480000e-01, 4.850667e+00
4.490000e-01, 4.850333e+00
4.500000e-01, 4.850000e+00
4.510000e-01, 4.849667e+00
4.520000e-01, 4.849333e+00
4.530000e-01, 4.849000e+00
4.540000e-01, 4.848667e+00
4.550000e-01, 4.848333e+00
4.560000e-01, 4.848000e+00
4.570000e-01, 4.847667e+00
4.580000e-01, 4.847333e+00
4.590000e-01, 4.847000e+00
4.600000e-01, 4.846667e+00
4.610000e-01, 4.846333e+00
4.620000e-01, 4.846000e+00
4.630000e-01, 4.845667e+00
4.640000e-01, 4.845333e+00
4.650000e-01, 4.845000e+00
4.660000e-01, 4.844667e+00
4.670000e-01, 4.844333e+00
4.680000e-01, 4.844000e+00
4.690000e-01, 4.843667e+00
4.700000e-01, 4.843333e+00
4.710000e-01, 4.843000e+00
4.720000e-01, 4.842667e+00
4.730000e-01, 4.842333e+00
4.740000e-01, 4.842000e+00
4.750000e-01, 4.841667e+00
4.760000e-01, 4.841333e+00
4.770000e-01, 4.841000e+00
4.780000e-01, 4.840667e+00
4.790000e-01, 4.840333e+00
4.800000e-01, 4.840000e+00
4.810000e-01, 4.839667e+00
4.820000e-01, 4.839333e+00
4.830000e-01, 4.839000e+00
4.840000e-01, 4.838667e+00
4.850000e-01, 4.838333e+00
4.860000e-01, 4.838000e+00
4.870000e-01, 4.837667e+00
4.880000e-01, 4.837333e+00
4.890000e-01, 4.837000e+00
4.900000e-01, 4.836667e+00
4.910000e-01, 4.836333e+00
4.920000e-01, 4.836000e+00
4.930000e-01, 4.835667e+00
4.940000e-01, 4.835333e+00
4.950000e-01, 4.835000e+00
4.960000e-01, 4.834667e+00
4.970000e-01, 4.834333e+00
4.980000e-01, 4.834000e+00
4.990000e-01, 4.833667e+00
5.000000e-01, 4.833333e+00
5.010000e-01, 4.833000e+00
5.020000e-01, 4.832667e+00
5.030000e-01, 4.832333e+00
5.040000e-01, 4.832000e+00
5.050000e-01, 4.831667e+00
5.060000e-01, 4.831333e+00
5.070000e-01, 4.831000e+00
5.080000e-01, 4.830667e+00
5.090000e-01, 4.830333e+00
5.100000e-01, 4.830000e+00
5.110000e-01, 4.829667e+00
5.120000e-01, 4.829333e+00
5.130000e-01, 4.829000e+00
5.140000e-01, 4.828667e+00
5.150000e-01, 4.828333e+00
5.160000e-01, 4.828000e+00
5.170000e-01, 4.827667e+00
5.180000e-01, 4.827333e+00
5.190000e-01, 4.827000e+00
5.200000e-01, 4.826667e+00
5.210000e-01, 4.826333e+00
5.220000e-01, 4.826000e+00
5.230000e-01, 4.825667e+00
5.240000e-01, 4.825333e+00
5.250000e-01, 4.825000e+00
5.260000e-01, 4.824667e+00
5.270000e-01, 4.824333e+00
5.280000e-01, 4.824000e+00
5.290000e-01, 4.823667e+00
5.300000e-01, 4.823333e+00
5.310000e-01, 4.823000e+00
5.320000e-01, 4.822667e+00
5.330000e-01, 4.822333e+00
5.340000e-01, 4.822000e+00
5.350000e-01, 4.821667e+00
5.360000e-01, 4.821333e+00
5.370000e-01, 4.821000e+00
5.380000e-01, 4.820667e+00
5.390000e-01, 4.820333e+00
5.400000e-01, 4.820000e+00
5.410000e-01, 4.819667e+00
5.420000e-01, 4.819333e+00
5.430000e-01, 4.819000e+00
5.440000e-01, 4.818667e+00
5.450000e-01, 4.818333e+00
5.460000e-01, 4.818000e+00
5.470000e-01, 4.817667e+00
5.480000e-01, 4.817333e+00
5.490000e-01, 4.817000e+00
5.500000e-01, 4.816667e+00
5.510000e-01, 4.816333e+00
5.520000e-01, 4.816000e+00
5.530000e-01, 4.815667e+00
5.540000e-01, 4.815333e+00
5.550000e-01, 4.815000e+00
5.560000e-01, 4.814667e+00
5.570000e-01, 4.814333e+00
5.580000e-01, 4.814000e+00
5.590000e-01, 4.813667e+00
5.600000e-01, 4.813333e+00
5.610000e-01, 4.813000e+00
5.620000e-01, 4.812667e+00
5.630000e-01, 4.812333e+00
5.640000e-01, 4.812000e+00
5.650000e-01, 4.811667e+00
5.660000e-01, 4.811333e+00
5.670000e-01, 4.811000e+00
5.680000e-01, 4.810667e+00
5.690000e-01, 4.810333e+00
5.700000e-01, 4.810000e+00
5.710000e-01, 4.809667e+00
5.720000e-01, 4.809333e+00
5.730000e-01, 4.809000e+00
5.740000e-01, 4.808667e+00
5.750000e-01, 4.808333e+00
5.760000e-01, 4.808000e+00
5.770000e-01, 4.807667e+00
5.780000e-01, 4.807333e+00
5.790000e-01, 4.807000e+00
5.800000e-01, 4.806667e+00
5.810000e-01, 4.806333e+00
5.820000e-01, 4.806000e+00
5.830000e-01, 4.805667e+00
5.840000e-01, 4.805333e+00
5.850000e-01, 4.805000e+00
5.860000e-01, 4.804667e+00
5.870000e-01, 4.804333e+00
5.880000e-01, 4.804000e+00
5.890000e-01, 4.803667e+00
5.900000e-01, 4.803333e+00
5.910000e-01, 4.803000e+00
5.920000e-01, 4.802667e+00
5.930000e-01, 4.802333e+00
5.940000e-01, 4.802000e+00
5.950000e-01, 4.801667e+00
5.960000e-01, 4.801333e+00
5.970000e-01, 4.801000e+00
5.980000e-01, 4.800667e+00
5.990000e-01, 4.800333e+00
6.000000e-01, 4.800000e+00
6.010000e-01, 4.799667e+00
6.020000e-01, 4.799333e+00
6.030000e-01, 4.799000e+00
6.040000e-01, 4.798667e+00
6.050000e-01, 4.798333e+00
6.060000e-01, 4.798000e+00
6.070000e-01, 4.797667e+00
6.080000e-01, 4.797333e+00
6.090000e-01, 4.797000e+00
6.100000e-01, 4.796667e+00
6.110000e-01, 4.796333e+00
6.120000e-01, 4.796000e+00
6.130000e-01, 4.795667e+00
6.140000e-01, 4.795333e+00
6.150000e-01, 4.795000e+00
6.160000e-01, 4.794667e+00
6.170000e-01, 4.794333e+00
6.180000e-01, 4.794000e+00
6.190000e-01, 4.793667e+00
6.200000e-01, 4.793333e+00
6.210000e-01, 4.793000e+00
6.220000e-01, 4.792667e+00
6.230000e-01, 4.792333e+00
6.240000e-01, 4.792000e+00
6.250000e-01, 4.791667e+00
6.260000e-01, 4.791333e+00
6.270000e-01, 4.791000e+00
6.280000e-01, 4.790667e+00
6.290000e-01, 4.790333e+00
6.300000e-01, 4.790000e+00
6.310000e-01, 4.789667e+00
6.320000e-01, 4.789333e+00
6.330000e-01, 4.789000e+00
6.340000e-01, 4.788667e+00
6.350000e-01, 4.788333e+00
6.360000e-01, 4.788000e+00
6.370000e-01, 4.787667e+00
6.380000e-01, 4.787333e+00
6.390000e-01, 4.787000e+00
6.400000e-01, 4.786667e+00
6.410000e-01, 4.786333e+00
6.420000e-01, 4.786000e+00
6.430000e-01, 4.785667e+00
6.440000e-01, 4.785333e+00
6.450000e-01, 4.785000e+00
6.460000e-01, 4.784667e+00
6.470000e-01, 4.784333e+00
6.480000e-01, 4.784000e+00
6.490000e-01, 4.783667e+00
6.500000e-01, 4.783333e+00
6.510000e-01, 4.783000e+00
6.520000e-01, 4.782667e+00
6.530000e-01, 4.782333e+00
6.540000e-01, 4.782000e+00
6.550000e-01, 4.781667e+00
6.560000e-01, 4.781333e+00
6.570000e-01, 4.781000e+00
6.580000e-01, 4.780667e+00
6.590000e-01, 4.780333e+00
6.600000e-01, 4.780000e+00
6.610000e-01, 4.779667e+00
6.620000e-01, 4.779333e+00
6.630000e-01, 4.779000e+00
6.640000e-01, 4.778667e+00
6.650000e-01, 4.778333e+00
6.660000e-01, 4.778000e+00
6.670000e-01, 4.777667e+00
6.680000e-01, 4.777333e+00
6.690000e-01, 4.777000e+00
6.700000e-01, 4.776667e+00
6.710000e-01, 4.776333e+00
6.720000e-01, 4.776000e+00
6.730000e-01, 4.775667e+00
6.740000e-01, 4.775333e+00
6.750000e-01, 4.775000e+00
6.760000e-01, 4.774667e+00
6.770000e-01, 4.774333e+00
6.780000e-01, 4.774000e+00
6.790000e-01, 4.773667e+00
6.800000e-01, 4.773333e+00
6.810000e-01, 4.773000e+00
6.820000e-01, 4.772667e+00
6.830000e-01, 4.772333e+00
6.840000e-01, 4.772000e+00
6.850000e-01, 4.771667e+00
6.860000e-01, 4.771333e+00
6.870000e-01, 4.771000e+00
6.880000e-01, 4.770667e+00
6.890000e-01, 4.770333e+00
6.900000e-01, 4.770000e+00
6.910000e-01, 4.769667e+00
6.920000e-01, 4.769333e+00
6.930000e-01, 4.769000e+00
6.940000e-01, 4.768667e+00
6.950000e-01, 4.768333e+00
6.960000e-01, 4.768000e+00
6.970000e-01, 4.767667e+00
6.980000e-01, 4.767333e+00
6.990000e-01, 4.767000e+00
7.000000e-01, 4.766667e+00
7.010000e-01, 4.766333e+00
7.020000e-01, 4.766000e+00
7.030000e-01, 4.765667e+00
7.040000e-01, 4.765333e+00
7.050000e-01, 4.765000e+00
7.060000e-01, 4.764667e+00
7.070000e-01, 4.764333e+00
7.080000e-01, 4.764000e+00
7.090000e-01, 4.763667e+00
7.100000e-01, 4.763333e+00
7.110000e-01, 4.763000e+00
7.120000e-01, 4.762667e+00
7.130000e-01, 4.762333e+00
7.140000e-01, 4.762000e+00
7.150000e-01, 4.761667e+00
7.160000e-01, 4.761333e+00
7.170000e-01, 4.761000e+00
7.180000e-01, 4.760667e+00
7.190000e-01, 4.760333e+00
7.200000e-01, 4.760000e+00
7.210000e-01, 4.759667e+00
7.220000e-01, 4.759333e+00
7.230000e-01, 4.759000e+00
7.240000e-01, 4.758667e+00
7.250000e-01, 4.758333e+00
7.260000e-01, 4.758000e+00
7.270000e-01, 4.757667e+00
7.280000e-01, 4.757333e+00
7.290000e-01, 4.757000e+00
7.300000e-01, 4.756667e+00
7.310000e-01, 4.756333e+00
7.320000e-01, 4.756000e+00
7.330000e-01, 4.755667e+00
7.340000e-01, 4.755333e+00
7.350000e-01, 4.755000e+00
7.360000e-01, 4.754667e+00
7.370000e-01, 4.754333e+00
7.380000e-01, 4.754000e+00
7.390000e-01, 4.753667e+00
7.400000e-01, 4.753333e+00
7.410000e-01, 4.753000e+00
7.420000e-01, 4.752667e+00
7.430000e-01, 4.752333e+00
7.440000e-01, 4.752000e+00
7.450000e-01, 4.751667e+00
7.460000e-01, 4.751333e+00
7.470000e-01, 4.751000e+00
7.480000e-01, 4.750667e+00
7.490000e-01, 4.750333e+00
7.500000e-01, 4.750000e+00
7.510000e-01, 4.749667e+00
7.520000e-01, 4.749333e+00
7.530000e-01, 4.749000e+00
7.540000e-01, 4.748667e+00
7.550000e-01, 4.748333e+00
7.560000e-01, 4.748000e+00
7.570000e-01, 4.747667e+00
7.580000e-01, 4.747333e+00
7.590000e-01, 4.747000e+00
7.600000e-01, 4.746667e+00
7.610000e-01, 4.746333e+00
7.620000e-01, 4.746000e+00
7.630000e-01, 4.745667e+00
7.640000e-01, 4.745333e+00
7.650000e-01, 4.745000e+00
7.660000e-01, 4.744667e+00
7.670000e-01, 4.744333e+00
7.680000e-01, 4.744000e+00
7.690000e-01, 4.743667e+00
7.700000e-01, 4.743333e+00
7.710000e-01, 4.743000e+00
7.720000e-01, 4.742667e+00
7.730000e-01, 4.742333e+00
7.740000e-01, 4.742000e+00
7.750000e-01, 4.741667e+00
7.760000e-01, 4.741333e+00
7.770000e-01, 4.741000e+00
7.780000e-01, 4.740667e+00
7.790000e-01, 4.740333e+00
7.800000e-01, 4.740000e+00
7.810000e-01, 4.739667e+00
7.820000e-01, 4.739333e+00
7.830000e-01, 4.739000e+00
7.840000e-01, 4.738667e+00
7.850000e-01, 4.738333e+00
7.860000e-01, 4.738000e+00
7.870000e-01, 4.737667e+00
7.880000e-01, 4.737333e+00
7.890000e-01, 4.737000e+00
7.900000e-01, 4.736667e+00
7.910000e-01, 4.736333e+00
7.920000e-01, 4.736000e+00
7.930000e-01, 4.735667e+00
7.940000e-01, 4.735333e+00
7.950000e-01, 4.735000e+00
7.960000e-01, 4.734667e+00
7.970000e-01, 4.734333e+00
7.980000e-01, 4.734000e+00
7.990000e-01, 4.733667e+00
8.000000e-01, 4.733333e+00
8.010000e-01, 4.733000e+00
8.020000e-01, 4.732667e+00
8.030000e-01, 4.732333e+00
8.040000e-01, 4.732000e+00
8.050000e-01, 4.731667e+00
8.060000e-01, 4.731333e+00
8.070000e-01, 4.731000e+00
8.080000e-01, 4.730667e+00
8.090000e-01, 4.730333e+00
8.100000e-01, 4.730000e+00
8.110000e-01, 4.729667e+00
8.120000e-01, 4.729333e+00
8.130000e-01, 4.729000e+00
8.140000e-01, 4.728667e+00
8.150000e-01, 4.728333e+00
8.160000e-01, 4.728000e+00
8.170000e-01, 4.727667e+00
8.180000e-01, 4.727333e+00
8.190000e-01, 4.727000e+00
8.200000e-01, 4.726667e+00
8.210000e-01, 4.726333e+00
8.220000e-01, 4.726000e+00
8.230000e-01, 4.725667e+00
8.240000e-01, 4.725333e+00
8.250000e-01, 4.725000e+00
8.260000e-01, 4.724667e+00
8.270000e-01, 4.724333e+00
8.280000e-01, 4.724000e+00
8.290000e-01, 4.723667e+00
8.300000e-01, 4.723333e+00
8.310000e-01, 4.723000e+00
8.320000e-01, 4.722667e+00
8.330000e-01, 4.722333e+00
8.340000e-01, 4.722000e+00
8.350000e-01, 4.721667e+00
8.360000e-01, 4.721333e+00
8.370000e-01, 4.721000e+00
8.380000e-01, 4.720667e+00
8.390000e-01, 4.720333e+00
8.400000e-01, 4.720000e+00
8.410000e-01, 4.719667e+00
8.420000e-01, 4.719333e+00
8.430000e-01, 4.719000e+00
8.440000e-01, 4.718667e+00
8.450000e-01, 4.718333e+00
8.460000e-01, 4.718000e+00
8.470000e-01, 4.717667e+00
8.480000e-01, 4.717333e+00
8.490000e-01, 4.717000e+00
8.500000e-01, 4.716667e+00
8.510000e-01, 4.716333e+00
8.520000e-01, 4.716000e+00
8.530000e-01, 4.715667e+00
8.540000e-01, 4.715333e+00
8.550000e-01, 4.715000e+00
8.560000e-01, 4.714667e+00
8.570000e-01, 4.714333e+00
8.580000e-01, 4.714000e+00
8.590000e-01, 4.713667e+00
8.600000e-01, 4.713333e+00
8.610000e-01, 4.713000e+00
8.620000e-01, 4.712667e+00
8.630000e-01, 4.712333e+00
8.640000e-01, 4.712000e+00
8.650000e-01, 4.711667e+00
8.660000e-01, 4.711333e+00
8.670000e-01, 4.711000e+00
8.680000e-01, 4.710667e+00
8.690000e-01, 4.710333e+00
8.700000e-01, 4.710000e+00
8.710000e-01, 4.709667e+00
8.720000e-01, 4.709333e+00
8.730000e-01, 4.709000e+00
8.740000e-01, 4.708667e+00
8.750000e-01, 4.708333e+00
8.760000e-01, 4.708000e+00
8.770000e-01, 4.707667e+00
8.780000e-01, 4.707333e+00
8.790000e-01, 4.707000e+00
8.800000e-01, 4.706667e+00
8.810000e-01, 4.706333e+00
8.820000e-01, 4.706000e+00
8.830000e-01, 4.705667e+00
8.840000e-01, 4.705333e+00
8.850000e-01, 4.705000e+00
8.860000e-01, 4.704667e+00
8.870000e-01, 4.704333e+00
8.880000e-01, 4.704000e+00
8.890000e-01, 4.703667e+00
8.900000e-01, 4.703333e+00
8.910000e-01, 4.703000e+00
8.920000e-01, 4.702667e+00
8.930000e-01, 4.702333e+00
8.940000e-01, 4.702000e+00
8.950000e-01, 4.701667e+00
8.960000e-01, 4.701333e+00
8.970000e-01, 4.701000e+00
8.980000e-01, 4.700667e+00
8.990000e-01, 4.700333e+00
9.000000e-01, 4.700000e+00
9.010000e-01, 4.699667e+00
9.020000e-01, 4.699333e+00
9.030000e-01, 4.699000e+00
9.040000e-01, 4.698667e+00
9.050000e-01, 4.698333e+00
9.060000e-01, 4.698000e+00
9.070000e-01, 4.697667e+00
9.080000e-01, 4.697333e+00
9.090000e-01, 4.697000e+00
9.100000e-01, 4.696667e+00
9.110000e-01, 4.696333e+00
9.120000e-01, 4.696000e+00
9.130000e-01, 4.695667e+00
9.140000e-01, 4.695333e+00
9.150000e-01, 4.695000e+00
9.160000e-01, 4.694667e+00
9.170000e-01, 4.694333e+00
9.180000e-01, 4.694000e+00
9.190000e-01, 4.693667e+00
9.200000e-01, 4.693333e+00
9.210000e-01, 4.693000e+00
9.220000e-01, 4.692667e+00
9.230000e-01, 4.692333e+00
9.240000e-01, 4.692000e+00
9.250000e-01, 4.691667e+00
9.260000e-01, 4.691333e+00
9.270000e-01, 4.691000e+00
9.280000e-01, 4.690667e+00
9.290000e-01, 4.690333e+00
9.300000e-01, 4.690000e+00
9.310000e-01, 4.689667e+00
9.320000e-01, 4.689333e+00
9.330000e-01, 4.689000e+00
9.340000e-01, 4.688667e+00
9.350000e-01, 4.688333e+00
9.360000e-01, 4.688000e+00
9.370000e-01, 4.687667e+00
9.380000e-01, 4.687333e+00
9.390000e-01, 4.687000e+00
9.400000e-01, 4.686667e+00
9.410000e-01, 4.686333e+00
9.420000e-01, 4.686000e+00
9.430000e-01, 4.685667e+00
9.440000e-01, 4.685333e+00
9.450000e-01, 4.685000e+00
9.460000e-01, 4.684667e+00
9.470000e-01, 4.684333e+00
9.480000e-01, 4.684000e+00
9.490000e-01, 4.683667e+00
9.500000e-01, 4.683333e+00
9.510000e-01, 4.683000e+00
9.520000e-01, 4.682667e+00
9.530000e-01, 4.682333e+00
9.540000e-01, 4.682000e+00
9.550000e-01, 4.681667e+00
9.560000e-01, 4.681333e+00
9.570000e-01, 4.681000e+00
9.580000e-01, 4.680667e+00
9.590000e-01, 4.680333e+00
9.600000e-01, 4.680000e+00
9.610000e-01, 4.679667e+00
9.620000e-01, 4.679333e+00
9.630000e-01, 4.679000e+00
9.640000e-01, 4.678667e+00
9.650000e-01, 4.678333e+00
9.660000e-01, 4.678000e+00
9.670000e-01, 4.677667e+00
9.680000e-01, 4.677333e+00
9.690000e-01, 4.677000e+00
9.700000e-01, 4.676667e+00
9.710000e-01, 4.676333e+00
9.720000e-01, 4.676000e+00
9.730000e-01, 4.675667e+00
9.740000e-01, 4.675333e+00
9.750000e-01, 4.675000e+00
9.760000e-01, 4.674667e+00
9.770000e-01, 4.674333e+00
9.780000e-01, 4.674000e+00
9.790000e-01, 4.673667e+00
9.800000e-01, 4.673333e+00
9.810000e-01, 4.673000e+00
9.820000e-01, 4.672667e+00
9.830000e-01, 4.672333e+00
9.840000e-01, 4.672000e+00
9.850000e-01, 4.671667e+00
9.860000e-01, 4.671333e+00
9.870000e-01, 4.671000e+00
9.880000e-01, 4.670667e+00
9.890000e-01, 4.670333e+00
9.900000e-01, 4.670000e+00
9.910000e-01, 4.669667e+00
9.920000e-01, 4.669333e+00
9.930000e-01, 4.669000e+00
9.940000e-01, 4.668667e+00
9.950000e-01, 4.668333e+00
9.960000e-01, 4.668000e+00
9.970000e-01, 4.667667e+00
9.980000e-01, 4.667333e+00
9.990000e-01, 4.667000e+00
1.000000e+00, 4.666667e+00
1.001000e+00, 4.666333e+00
1.002000e+00, 4.666000e+00
1.003000e+00, 4.665667e+00
1.004000e+00, 4.665333e+00
1.005000e+00, 4.665000e+00
1.006000e+00, 4.664667e+00
1.007000e+00, 4.664333e+00
1.008000e+00, 4.664000e+00
1.009000e+00, 4.663667e+00
1.010000e+00, 4.663333e+00
1.011000e+00, 4.663000e+00
1.012000e+00, 4.662667e+00
1.013000e+00, 4.662333e+00
1.014000e+00, 4.662000e+00
1.015000e+00, 4.661667e+00
1.016000e+00, 4.661333e+00
1.017000e+00, 4.661000e+00
1.018000e+00, 4.660667e+00
1.019000e+00, 4.660333e+00
1.020000e+00, 4.660000e+00
1.021000e+00, 4.659667e+00
1.022000e+00, 4.659333e+00
1.023000e+00, 4.659000e+00
1.024000e+00, 4.658667e+00
1.025000e+00, 4.658333e+00
1.026000e+00, 4.658000e+00
1.027000e+00, 4.657667e+00
1.028000e+00, 4.657333e+00
1.029000e+00, 4.657000e+00
1.030000e+00, 4.656667e+00
1.031000e+00, 4.656333e+00
1.032000e+00, 4.656000e+00
1.033000e+00, 4.655667e+00
1.034000e+00, 4.655333e+00
1.035000e+00, 4.655000e+00
1.036000e+00, 4.654667e+00
1.037000e+00, 4.654333e+00
1.038000e+00, 4.654000e+00
1.039000e+00, 4.653667e+00
1.040000e+00, 4.653333e+00
1.041000e+00, 4.653000e+00
1.042000e+00, 4.652667e+00
1.043000e+00, 4.652333e+00
1.044000e+00, 4.652000e+00
1.045000e+00, 4.651667e+00
1.046000e+00, 4.651333e+00
1.047000e+00, 4.651000e+00
1.048000e+00, 4.650667e+00
1.049000e+00, 4.650333e+00
1.050000e+00, 4.650000e+00
1.051000e+00, 4.649667e+00
1.052000e+00, 4.649333e+00
1.053000e+00, 4.649000e+00
1.054000e+00, 4.648667e+00
1.055000e+00, 4.648333e+00
1.056000e+00, 4.648000e+00
1.057000e+00, 4.647667e+00
1.058000e+00, 4.647333e+00
1.059000e+00, 4.647000e+00
1.060000e+00, 4.646667e+00
1.061000e+00, 4.646333e+00
1.062000e+00, 4.646000e+00
1.063000e+00, 4.645667e+00
1.064000e+00, 4.645333e+00
1.065000e+00, 4.645000e+00
1.066000e+00, 4.644667e+00
1.067000e+00, 4.644333e+00
1.068000e+00, 4.644000e+00
1.069000e+00, 4.643667e+00
1.070000e+00, 4.643333e+00
1.071000e+00, 4.643000e+00
1.072000e+00, 4.642667e+00
1.073000e+00, 4.642333e+00
1.074000e+00, 4.642000e+00
1.075000e+00, 4.641667e+00
1.076000e+00, 4.641333e+00
1.077000e+00, 4.641000e+00
1.078000e+00, 4.640667e+00
1.079000e+00, 4.640333e+00
1.080000e+00, 4.640000e+00
1.081000e+00, 4.639667e+00
1.082000e+00, 4.639333e+00
1.083000e+00, 4.639000e+00
1.084000e+00, 4.638667e+00
1.085000e+00, 4.638333e+00
1.086000e+00, 4.638000e+00
1.087000e+00, 4.637667e+00
1.088000e+00, 4.637333e+00
1.089000e+00, 4.637000e+00
1.090000e+00, 4.636667e+00
1.091000e+00, 4.636333e+00
1.092000e+00, 4.636000e+00
1.093000e+00, 4.635667e+00
1.094000e+00, 4.635333e+00
1.095000e+00, 4.635000e+00
1.096000e+00, 4.634667e+00
1.097000e+00, 4.634333e+00
1.098000e+00, 4.634000e+00
1.099000e+00, 4.633667e+00
1.100000e+00, 4.633333e+00
1.101000e+00, 4.633000e+00
1.102000e+00, 4.632667e+00
1.103000e+00, 4.632333e+00
1.104000e+00, 4.632000e+00
1.105000e+00, 4.631667e+00
1.106000e+00, 4.631333e+00
1.107000e+00, 4.631000e+00
1.108000e+00, 4.630667e+00
1.109000e+00, 4.630333e+00
1.110000e+00, 4.630000e+00
1.111000e+00, 4.629667e+00
1.112000e+00, 4.629333e+00
1.113000e+00, 4.629000e+00
1.114000e+00, 4.628667e+00
1.115000e+00, 4.628333e+00
1.116000e+00, 4.628000e+00
1.117000e+00, 4.627667e+00
1.118000e+00, 4.627333e+00
1.119000e+00, 4.627000e+00
1.120000e+00, 4.626667e+00
1.121000e+00, 4.626333e+00
1.122000e+00, 4.626000e+00
1.123000e+00, 4.625667e+00
1.124000e+00, 4.625333e+00
1.125000e+00, 4.625000e+00
1.126000e+00, 4.624667e+00
1.127000e+00, 4.624333e+00
1.128000e+00, 4.624000e+00
1.129000e+00, 4.623667e+00
1.130000e+00, 4.623333e+00
1.131000e+00, 4.623000e+00
1.132000e+00, 4.622667e+00
1.133000e+00, 4.622333e+00
1.134000e+00, 4.622000e+00
1.135000e+00, 4.621667e+00
1.136000e+00, 4.621333e+00
1.137000e+00, 4.621000e+00
1.138000e+00, 4.620667e+00
1.139000e+00, 4.620333e+00
1.140000e+00, 4.620000e+00
1.141000e+00, 4.619667e+00
1.142000e+00, 4.619333e+00
1.143000e+00, 4.619000e+00
1.144000e+00, 4.618667e+00
1.145000e+00, 4.618333e+00
1.146000e+00, 4.618000e+00
1.147000e+00, 4.617667e+00
1.148000e+00, 4.617333e+00
1.149000e+00, 4.617000e+00
1.150000e+00, 4.616667e+00
1.151000e+00, 4.616333e+00
1.152000e+00, 4.616000e+00
1.153000e+00, 4.615667e+00
1.154000e+00, 4.615333e+00
1.155000e+00, 4.615000e+00
1.156000e+00, 4.614667e+00
1.157000e+00, 4.614333e+00
1.158000e+00, 4.614000e+00
1.159000e+00, 4.613667e+00
1.160000e+00, 4.613333e+00
1.161000e+00, 4.613000e+00
1.162000e+00, 4.612667e+00
1.163000e+00, 4.612333e+00
1.164000e+00, 4.612000e+00
1.165000e+00, 4.611667e+00
1.166000e+00, 4.611333e+00
1.167000e+00, 4.611000e+00
1.168000e+00, 4.610667e+00
1.169000e+00, 4.610333e+00
1.170000e+00, 4.610000e+00
1.171000e+00, 4.609667e+00
1.172000e+00, 4.609333e+00
1.173000e+00, 4.609000e+00
1.174000e+00, 4.608667e+00
1.175000e+00, 4.608333e+00
1.176000e+00, 4.608000e+00
1.177000e+00, 4.607667e+00
1.178000e+00, 4.607333e+00
1.179000e+00, 4.607000e+00
1.180000e+00, 4.606667e+00
1.181000e+00, 4.606333e+00
1.182000e+00, 4.606000e+00
1.183000e+00, 4.605667e+00
1.184000e+00, 4.605333e+00
1.185000e+00, 4.605000e+00
1.186000e+00, 4.604667e+00
1.187000e+00, 4.604333e+00
1.188000e+00, 4.604000e+00
1.189000e+00, 4.603667e+00
1.190000e+00, 4.603333e+00
1.191000e+00, 4.603000e+00
1.192000e+00, 4.602667e+00
1.193000e+00, 4.602333e+00
1.194000e+00, 4.602000e+00
1.195000e+00, 4.601667e+00
1.196000e+00, 4.601333e+00
1.197000e+00, 4.601000e+00
1.198000e+00, 4.600667e+00
1.199000e+00, 4.600333e+00
1.200000e+00, 4.600000e+00
1.201000e+00, 4.599667e+00
1.202000e+00, 4.599333e+00
1.203000e+00, 4.599000e+00
1.204000e+00, 4.598667e+00
1.205000e+00, 4.598333e+00
1.206000e+00, 4.598000e+00
1.207000e+00, 4.597667e+00
1.208000e+00, 4.597333e+00
1.209000e+00, 4.597000e+00
1.210000e+00, 4.596667e+00
1.211000e+00, 4.596333e+00
1.212000e+00, 4.596000e+00
1.213000e+00, 4.595667e+00
1.214000e+00, 4.595333e+00
1.215000e+00, 4.595000e+00
1.216000e+00, 4.594667e+00
1.217000e+00, 4.594333e+00
1.218000e+00, 4.594000e+00
1.219000e+00, 4.593667e+00
1.220000e+00, 4.593333e+00
1.221000e+00, 4.593000e+00
1.222000e+00, 4.592667e+00
1.223000e+00, 4.592333e+00
1.224000e+00, 4.592000e+00
1.225000e+00, 4.591667e+00
1.226000e+00, 4.591333e+00
1.227000e+00, 4.591000e+00
1.228000e+00, 4.590667e+00
1.229000e+00, 4.590333e+00
1.230000e+00, 4.590000e+00
1.231000e+00, 4.589667e+00
1.232000e+00, 4.589333e+00
1.233000e+00, 4.589000e+00
1.234000e+00, 4.588667e+00
1.235000e+00, 4.588333e+00
1.236000e+00, 4.588000e+00
1.237000e+00, 4.587667e+00
1.238000e+00, 4.587333e+00
1.239000e+00, 4.587000e+00
1.240000e+00, 4.586667e+00
1.241000e+00, 4.586333e+00
1.242000e+00, 4.586000e+00
1.243000e+00, 4.585667e+00
1.244000e+00, 4.585333e+00
1.245000e+00, 4.585000e+00
1.246000e+00, 4.584667e+00
1.247000e+00, 4.584333e+00
1.248000e+00, 4.584000e+00
1.249000e+00, 4.583667e+00
1.250000e+00, 4.583333e+00
1.251000e+00, 4.583000e+00
1.252000e+00, 4.582667e+00
1.253000e+00, 4.582333e+00
1.254000e+00, 4.582000e+00
1.255000e+00, 4.581667e+00
1.256000e+00, 4.581333e+00
1.257000e+00, 4.581000e+00
1.258000e+00, 4.580667e+00
1.259000e+00, 4.580333e+00
1.260000e+00, 4.580000e+00
1.261000e+00, 4.579667e+00
1.262000e+00, 4.579333e+00
1.263000e+00, 4.579000e+00
1.264000e+00, 4.578667e+00
1.265000e+00, 4.578333e+00
1.266000e+00, 4.578000e+00
1.267000e+00, 4.577667e+00
1.268000e+00, 4.577333e+00
1.269000e+00, 4.577000e+00
1.270000e+00, 4.576667e+00
1.271000e+00, 4.576333e+00
1.272000e+00, 4.576000e+00
1.273000e+00, 4.575667e+00
1.274000e+00, 4.575333e+00
1.275000e+00, 4.575000e+00
1.276000e+00, 4.574667e+00
1.277000e+00, 4.574333e+00
1.278000e+00, 4.574000e+00
1.279000e+00, 4.573667e+00
1.280000e+00, 4.573333e+00
1.281000e+00, 4.573000e+00
1.282000e+00, 4.572667e+00
1.283000e+00, 4.572333e+00
1.284000e+00, 4.572000e+00
1.285000e+00, 4.571667e+00
1.286000e+00, 4.571333e+00
1.287000e+00, 4.571000e+00
1.288000e+00, 4.570667e+00
1.289000e+00, 4.570333e+00
1.290000e+00, 4.570000e+00
1.291000e+00, 4.569667e+00
1.292000e+00, 4.569333e+00
1.293000e+00, 4.569000e+00
1.294000e+00, 4.568667e+00
1.295000e+00, 4.568333e+00
1.296000e+00, 4.568000e+00
1.297000e+00, 4.567667e+00
1.298000e+00, 4.567333e+00
1.299000e+00, 4.567000e+00
1.300000e+00, 4.566667e+00
1.301000e+00, 4.566333e+00
1.302000e+00, 4.566000e+00
1.303000e+00, 4.565667e+00
1.304000e+00, 4.565333e+00
1.305000e+00, 4.565000e+00
1.306000e+00, 4.564667e+00
1.307000e+00, 4.564333e+00
1.308000e+00, 4.564000e+00
1.309000e+00, 4.563667e+00
1.310000e+00, 4.563333e+00
1.311000e+00, 4.563000e+00
1.312000e+00, 4.562667e+00
1.313000e+00, 4.562333e+00
1.314000e+00, 4.562000e+00
1.315000e+00, 4.561667e+00
1.316000e+00, 4.561333e+00
1.317000e+00, 4.561000e+00
1.318000e+00, 4.560667e+00
1.319000e+00, 4.560333e+00
1.320000e+00, 4.560000e+00
1.321000e+00, 4.559667e+00
1.322000e+00, 4.559333e+00
1.323000e+00, 4.559000e+00
1.324000e+00, 4.558667e+00
1.325000e+00, 4.558333e+00
1.326000e+00, 4.558000e+00
1.327000e+00, 4.557667e+00
1.328000e+00, 4.557333e+00
1.329000e+00, 4.557000e+00
1.330000e+00, 4.556667e+00
1.331000e+00, 4.556333e+00
1.332000e+00, 4.556000e+00
1.333000e+00, 4.555667e+00
1.334000e+00, 4.555333e+00
1.335000e+00, 4.555000e+00
1.336000e+00, 4.554667e+00
1.337000e+00, 4.554333e+00
1.338000e+00, 4.554000e+00
1.339000e+00, 4.553667e+00
1.340000e+00, 4.553333e+00
1.341000e+00, 4.553000e+00
1.342000e+00, 4.552667e+00
1.343000e+00, 4.552333e+00
1.344000e+00, 4.552000e+00
1.345000e+00, 4.551667e+00
1.346000e+00, 4.551333e+00
1.347000e+00, 4.551000e+00
1.348000e+00, 4.550667e+00
1.349000e+00, 4.550333e+00
1.350000e+00, 4.550000e+00
1.351000e+00, 4.549667e+00
1.352000e+00, 4.549333e+00
1.353000e+00, 4.549000e+00
1.354000e+00, 4.548667e+00
1.355000e+00, 4.548333e+00
1.356000e+00, 4.548000e+00
1.357000e+00, 4.547667e+00
1.358000e+00, 4.547333e+00
1.359000e+00, 4.547000e+00
1.360000e+00, 4.546667e+00
1.361000e+00, 4.546333e+00
1.362000e+00, 4.546000e+00
1.363000e+00, 4.545667e+00
1.364000e+00, 4.545333e+00
1.365000e+00, 4.545000e+00
1.366000e+00, 4.544667e+00
1.367000e+00, 4.544333e+00
1.368000e+00, 4.544000e+00
1.369000e+00, 4.543667e+00
1.370000e+00, 4.543333e+00
1.371000e+00, 4.543000e+00
1.372000e+00, 4.542667e+00
1.373000e+00, 4.542333e+00
1.374000e+00, 4.542000e+00
1.375000e+00, 4.541667e+00
1.376000e+00, 4.541333e+00
1.377000e+00, 4.541000e+00
1.378000e+00, 4.540667e+00
1.379000e+00, 4.540333e+00
1.380000e+00, 4.540000e+00
1.381000e+00, 4.539667e+00
1.382000e+00, 4.539333e+00
1.383000e+00, 4.539000e+00
1.384000e+00, 4.538667e+00
1.385000e+00, 4.538333e+00
1.386000e+00, 4.538000e+00
1.387000e+00, 4.537667e+00
1.388000e+00, 4.537333e+00
1.389000e+00, 4.537000e+00
1.390000e+00, 4.536667e+00
1.391000e+00, 4.536333e+00
1.392000e+00, 4.536000e+00
1.393000e+00, 4.535667e+00
1.394000e+00, 4.535333e+00
1.395000e+00, 4.535000e+00
1.396000e+00, 4.534667e+00
1.397000e+00, 4.534333e+00
1.398000e+00, 4.534000e+00
1.399000e+00, 4.533667e+00
1.400000e+00, 4.533333e+00
1.401000e+00, 4.533000e+00
1.402000e+00, 4.532667e+00
1.403000e+00, 4.532333e+00
1.404000e+00, 4.532000e+00
1.405000e+00, 4.531667e+00
1.406000e+00, 4.531333e+00
1.407000e+00, 4.531000e+00
1.408000e+00, 4.530667e+00
1.409000e+00, 4.530333e+00
1.410000e+00, 4.530000e+00
1.411000e+00, 4.529667e+00
1.412000e+00, 4.529333e+00
1.413000e+00, 4.529000e+00
1.414000e+00, 4.528667e+00
1.415000e+00, 4.528333e+00
1.416000e+00, 4.528000e+00
1.417000e+00, 4.527667e+00
1.418000e+00, 4.527333e+00
1.419000e+00, 4.527000e+00
1.420000e+00, 4.526667e+00
1.421000e+00, 4.526333e+00
1.422000e+00, 4.526000e+00
1.423000e+00, 4.525667e+00
1.424000e+00, 4.525333e+00
1.425000e+00, 4.525000e+00
1.426000e+00, 4.524667e+00
1.427000e+00, 4.524333e+00
1.428000e+00, 4.524000e+00
1.429000e+00, 4.523667e+00
1.430000e+00, 4.523333e+00
1.431000e+00, 4.523000e+00
1.432000e+00, 4.522667e+00
1.433000e+00, 4.522333e+00
1.434000e+00, 4.522000e+00
1.435000e+00, 4.521667e+00
1.436000e+00, 4.521333e+00
1.437000e+00, 4.521000e+00
1.438000e+00, 4.520667e+00
1.439000e+00, 4.520333e+00
1.440000e+00, 4.520000e+00
1.441000e+00, 4.519667e+00
1.442000e+00, 4.519333e+00
1.443000e+00, 4.519000e+00
1.444000e+00, 4.518667e+00
1.445000e+00, 4.518333e+00
1.446000e+00, 4.518000e+00
1.447000e+00, 4.517667e+00
1.448000e+00, 4.517333e+00
1.449000e+00, 4.517000e+00
1.450000e+00, 4.516667e+00
1.451000e+00, 4.516333e+00
1.452000e+00, 4.516000e+00
1.453000e+00, 4.515667e+00
1.454000e+00, 4.515333e+00
1.455000e+00, 4.515000e+00
1.456000e+00, 4.514667e+00
1.457000e+00, 4.514333e+00
1.458000e+00, 4.514000e+00
1.459000e+00, 4.513667e+00
1.460000e+00, 4.513333e+00
1.461000e+00, 4.513000e+00
1.462000e+00, 4.512667e+00
1.463000e+00, 4.512333e+00
1.464000e+00, 4.512000e+00
1.465000e+00, 4.511667e+00
1.466000e+00, 4.511333e+00
1.467000e+00, 4.511000e+00
1.468000e+00, 4.510667e+00
1.469000e+00, 4.510333e+00
1.470000e+00, 4.510000e+00
1.471000e+00, 4.509667e+00
1.472000e+00, 4.509333e+00
1.473000e+00, 4.509000e+00
1.474000e+00, 4.508667e+00
1.475000e+00, 4.508333e+00
1.476000e+00, 4.508000e+00
1.477000e+00, 4.507667e+00
1.478000e+00, 4.507333e+00
1.479000e+00, 4.507000e+00
1.480000e+00, 4.506667e+00
1.481000e+00, 4.506333e+00
1.482000e+00, 4.506000e+00
1.483000e+00, 4.505667e+00
1.484000e+00, 4.505333e+00
1.485000e+00, 4.505000e+00
1.486000e+00, 4.504667e+00
1.487000e+00, 4.504333e+00
1.488000e+00, 4.504000e+00
1.489000e+00, 4.503667e+00
1.490000e+00, 4.503333e+00
1.491000e+00, 4.503000e+00
1.492000e+00, 4.502667e+00
1.493000e+00, 4.502333e+00
1.494000e+00, 4.502000e+00
1.495000e+00, 4.501667e+00
1.496000e+00, 4.501333e+00
1.497000e+00, 4.501000e+00
1.498000e+00, 4.500667e+00
1.499000e+00, 4.500333e+00
1.500000e+00, 4.500000e+00
1.501000e+00, 4.499667e+00
1.502000e+00, 4.499333e+00
1.503000e+00, 4.499000e+00
1.504000e+00, 4.498667e+00
1.505000e+00, 4.498333e+00
1.506000e+00, 4.498000e+00
1.507000e+00, 4.497667e+00
1.508000e+00, 4.497333e+00
1.509000e+00, 4.497000e+00
1.510000e+00, 4.496667e+00
1.511000e+00, 4.496333e+00
1.512000e+00, 4.496000e+00
1.513000e+00, 4.495667e+00
1.514000e+00, 4.495333e+00
1.515000e+00, 4.495000e+00
1.516000e+00, 4.494667e+00
1.517000e+00, 4.494333e+00
1.518000e+00, 4.494000e+00
1.519000e+00, 4.493667e+00
1.520000e+00, 4.493333e+00
1.521000e+00, 4.493000e+00
1.522000e+00, 4.492667e+00
1.523000e+00, 4.492333e+00
1.524000e+00, 4.492000e+00
1.525000e+00, 4.491667e+00
1.526000e+00, 4.491333e+00
1.527000e+00, 4.491000e+00
1.528000e+00, 4.490667e+00
1.529000e+00, 4.490333e+00
1.530000e+00, 4.490000e+00
1.531000e+00, 4.489667e+00
1.532000e+00, 4.489333e+00
1.533000e+00, 4.489000e+00
1.534000e+00, 4.488667e+00
1.535000e+00, 4.488333e+00
1.536000e+00, 4.488000e+00
1.537000e+00, 4.487667e+00
1.538000e+00, 4.487333e+00
1.539000e+00, 4.487000e+00
1.540000e+00, 4.486667e+00
1.541000e+00, 4.486333e+00
1.542000e+00, 4.486000e+00
1.543000e+00, 4.485667e+00
1.544000e+00, 4.485333e+00
1.545000e+00, 4.485000e+00
1.546000e+00, 4.484667e+00
1.547000e+00, 4.484333e+00
1.548000e+00, 4.484000e+00
1.549000e+00, 4.483667e+00
1.550000e+00, 4.483333e+00
1.551000e+00, 4.483000e+00
1.552000e+00, 4.482667e+00
1.553000e+00, 4.482333e+00
1.554000e+00, 4.482000e+00
1.555000e+00, 4.481667e+00
1.556000e+00, 4.481333e+00
1.557000e+00, 4.481000e+00
1.558000e+00, 4.480667e+00
1.559000e+00, 4.480333e+00
1.560000e+00, 4.480000e+00
1.561000e+00, 4.479667e+00
1.562000e+00, 4.479333e+00
1.563000e+00, 4.479000e+00
1.564000e+00, 4.478667e+00
1.565000e+00, 4.478333e+00
1.566000e+00, 4.478000e+00
1.567000e+00, 4.477667e+00
1.568000e+00, 4.477333e+00
1.569000e+00, 4.477000e+00
1.570000e+00, 4.476667e+00
1.571000e+00, 4.476333e+00
1.572000e+00, 4.476000e+00
1.573000e+00, 4.475667e+00
1.574000e+00, 4.475333e+00
1.575000e+00, 4.475000e+00
1.576000e+00, 4.474667e+00
1.577000e+00, 4.474333e+00
1.578000e+00, 4.474000e+00
1.579000e+00, 4.473667e+00
1.580000e+00, 4.473333e+00
1.581000e+00, 4.473000e+00
1.582000e+00, 4.472667e+00
1.583000e+00, 4.472333e+00
1.584000e+00, 4.472000e+00
1.585000e+00, 4.471667e+00
1.586000e+00, 4.471333e+00
1.587000e+00, 4.471000e+00
1.588000e+00, 4.470667e+00
1.589000e+00, 4.470333e+00
1.590000e+00, 4.470000e+00
1.591000e+00, 4.469667e+00
1.592000e+00, 4.469333e+00
1.593000e+00, 4.469000e+00
1.594000e+00, 4.468667e+00
1.595000e+00, 4.468333e+00
1.596000e+00, 4.468000e+00
1.597000e+00, 4.467667e+00
1.598000e+00, 4.467333e+00
1.599000e+00, 4.467000e+00
1.600000e+00, 4.466667e+00
1.601000e+00, 4.466333e+00
1.602000e+00, 4.466000e+00
1.603000e+00, 4.465667e+00
1.604000e+00, 4.465333e+00
1.605000e+00, 4.465000e+00
1.606000e+00, 4.464667e+00
1.607000e+00, 4.464333e+00
1.608000e+00, 4.464000e+00
1.609000e+00, 4.463667e+00
1.610000e+00, 4.463333e+00
1.611000e+00, 4.463000e+00
1.612000e+00, 4.462667e+00
1.613000e+00, 4.462333e+00
1.614000e+00, 4.462000e+00
1.615000e+00, 4.461667e+00
1.616000e+00, 4.461333e+00
1.617000e+00, 4.461000e+00
1.618000e+00, 4.460667e+00
1.619000e+00, 4.460333e+00
1.620000e+00, 4.460000e+00
1.621000e+00, 4.459667e+00
1.622000e+00, 4.459333e+00
1.623000e+00, 4.459000e+00
1.624000e+00, 4.458667e+00
1.625000e+00, 4.458333e+00
1.626000e+00, 4.458000e+00
1.627000e+00, 4.457667e+00
1.628000e+00, 4.457333e+00
1.629000e+00, 4.457000e+00
1.630000e+00, 4.456667e+00
1.631000e+00, 4.456333e+00
1.632000e+00, 4.456000e+00
1.633000e+00, 4.455667e+00
1.634000e+00, 4.455333e+00
1.635000e+00, 4.455000e+00
1.636000e+00, 4.454667e+00
1.637000e+00, 4.454333e+00
1.638000e+00, 4.454000e+00
1.639000e+00, 4.453667e+00
1.640000e+00, 4.453333e+00
1.641000e+00, 4.453000e+00
1.642000e+00, 4.452667e+00
1.643000e+00, 4.452333e+00
1.644000e+00, 4.452000e+00
1.645000e+00, 4.451667e+00
1.646000e+00, 4.451333e+00
1.647000e+00, 4.451000e+00
1.648000e+00, 4.450667e+00
1.649000e+00, 4.450333e+00
1.650000e+00, 4.450000e+00
1.651000e+00, 4.449667e+00
1.652000e+00, 4.449333e+00
1.653000e+00, 4.449000e+00
1.654000e+00, 4.448667e+00
1.655000e+00, 4.448333e+00
1.656000e+00, 4.448000e+00
1.657000e+00, 4.447667e+00
1.658000e+00, 4.447333e+00
1.659000e+00, 4.447000e+00
1.660000e+00, 4.446667e+00
1.661000e+00, 4.446333e+00
1.662000e+00, 4.446000e+00
1.663000e+00, 4.445667e+00
1.664000e+00, 4.445333e+00
1.665000e+00, 4.445000e+00
1.666000e+00, 4.444667e+00
1.667000e+00, 4.444333e+00
1.668000e+00, 4.444000e+00
1.669000e+00, 4.443667e+00
1.670000e+00, 4.443333e+00
1.671000e+00, 4.443000e+00
1.672000e+00, 4.442667e+00
1.673000e+00, 4.442333e+00
1.674000e+00, 4.442000e+00
1.675000e+00, 4.441667e+00
1.676000e+00, 4.441333e+00
1.677000e+00, 4.441000e+00
1.678000e+00, 4.440667e+00
1.679000e+00, 4.440333e+00
1.680000e+00, 4.440000e+00
1.681000e+00, 4.439667e+00
1.682000e+00, 4.439333e+00
1.683000e+00, 4.439000e+00
1.684000e+00, 4.438667e+00
1.685000e+00, 4.438333e+00
1.686000e+00, 4.438000e+00
1.687000e+00, 4.437667e+00
1.688000e+00, 4.437333e+00
1.689000e+00, 4.437000e+00
1.690000e+00, 4.436667e+00
1.691000e+00, 4.436333e+00
1.692000e+00, 4.436000e+00
1.693000e+00, 4.435667e+00
1.694000e+00, 4.435333e+00
1.695000e+00, 4.435000e+00
1.696000e+00, 4.434667e+00
1.697000e+00, 4.434333e+00
1.698000e+00, 4.434000e+00
1.699000e+00, 4.433667e+00
1.700000e+00, 4.433333e+00
1.701000e+00, 4.433000e+00
1.702000e+00, 4.432667e+00
1.703000e+00, 4.432333e+00
1.704000e+00, 4.432000e+00
1.705000e+00, 4.431667e+00
1.706000e+00, 4.431333e+00
1.707000e+00, 4.431000e+00
1.708000e+00, 4.430667e+00
1.709000e+00, 4.430333e+00
1.710000e+00, 4.430000e+00
1.711000e+00, 4.429667e+00
1.712000e+00, 4.429333e+00
1.713000e+00, 4.429000e+00
1.714000e+00, 4.428667e+00
1.715000e+00, 4.428333e+00
1.716000e+00, 4.428000e+00
1.717000e+00, 4.427667e+00
1.718000e+00, 4.427333e+00
1.719000e+00, 4.427000e+00
1.720000e+00, 4.426667e+00
1.721000e+00, 4.426333e+00
1.722000e+00, 4.426000e+00
1.723000e+00, 4.425667e+00
1.724000e+00, 4.425333e+00
1.725000e+00, 4.425000e+00
1.726000e+00, 4.424667e+00
1.727000e+00, 4.424333e+00
1.728000e+00, 4.424000e+00
1.729000e+00, 4.423667e+00
1.730000e+00, 4.423333e+00
1.731000e+00, 4.423000e+00
1.732000e+00, 4.422667e+00
1.733000e+00, 4.422333e+00
1.734000e+00, 4.422000e+00
1.735000e+00, 4.421667e+00
1.736000e+00, 4.421333e+00
1.737000e+00, 4.421000e+00
1.738000e+00, 4.420667e+00
1.739000e+00, 4.420333e+00
1.740000e+00, 4.420000e+00
1.741000e+00, 4.419667e+00
1.742000e+00, 4.419333e+00
1.743000e+00, 4.419000e+00
1.744000e+00, 4.418667e+00
1.745000e+00, 4.418333e+00
1.746000e+00, 4.418000e+00
1.747000e+00, 4.417667e+00
1.748000e+00, 4.417333e+00
1.749000e+00, 4.417000e+00
1.750000e+00, 4.416667e+00
1.751000e+00, 4.416333e+00
1.752000e+00, 4.416000e+00
1.753000e+00, 4.415667e+00
1.754000e+00, 4.415333e+00
1.755000e+00, 4.415000e+00
1.756000e+00, 4.414667e+00
1.757000e+00, 4.414333e+00
1.758000e+00, 4.414000e+00
1.759000e+00, 4.413667e+00
1.760000e+00, 4.413333e+00
1.761000e+00, 4.413000e+00
1.762000e+00, 4.412667e+00
1.763000e+00, 4.412333e+00
1.764000e+00, 4.412000e+00
1.765000e+00, 4.411667e+00
1.766000e+00, 4.411333e+00
1.767000e+00, 4.411000e+00
1.768000e+00, 4.410667e+00
1.769000e+00, 4.410333e+00
1.770000e+00, 4.410000e+00
1.771000e+00, 4.409667e+00
1.772000e+00, 4.409333e+00
1.773000e+00, 4.409000e+00
1.774000e+00, 4.408667e+00
1.775000e+00, 4.408333e+00
1.776000e+00, 4.408000e+00
1.777000e+00, 4.407667e+00
1.778000e+00, 4.407333e+00
1.779000e+00, 4.407000e+00
1.780000e+00, 4.406667e+00
1.781000e+00, 4.406333e+00
1.782000e+00, 4.406000e+00
1.783000e+00, 4.405667e+00
1.784000e+00, 4.405333e+00
1.785000e+00, 4.405000e+00
1.786000e+00, 4.404667e+00
1.787000e+00, 4.404333e+00
1.788000e+00, 4.404000e+00
1.789000e+00, 4.403667e+00
1.790000e+00, 4.403333e+00
1.791000e+00, 4.403000e+00
1.792000e+00, 4.402667e+00
1.793000e+00, 4.402333e+00
1.794000e+00, 4.402000e+00
1.795000e+00, 4.401667e+00
1.796000e+00, 4.401333e+00
1.797000e+00, 4.401000e+00
1.798000e+00, 4.400667e+00
1.799000e+00, 4.400333e+00
1.800000e+00, 4.400000e+00
1.801000e+00, 4.399667e+00
1.802000e+00, 4.399333e+00
1.803000e+00, 4.399000e+00
1.804000e+00, 4.398667e+00
1.805000e+00, 4.398333e+00
1.806000e+00, 4.398000e+00
1.807000e+00, 4.397667e+00
1.808000e+00, 4.397333e+00
1.809000e+00, 4.397000e+00
1.810000e+00, 4.396667e+00
1.811000e+00, 4.396333e+00
1.812000e+00, 4.396000e+00
1.813000e+00, 4.395667e+00
1.814000e+00, 4.395333e+00
1.815000e+00, 4.395000e+00
1.816000e+00, 4.394667e+00
1.817000e+00, 4.394333e+00
1.818000e+00, 4.394000e+00
1.819000e+00, 4.393667e+00
1.820000e+00, 4.393333e+00
1.821000e+00, 4.393000e+00
1.822000e+00, 4.392667e+00
1.823000e+00, 4.392333e+00
1.824000e+00, 4.392000e+00
1.825000e+00, 4.391667e+00
1.826000e+00, 4.391333e+00
1.827000e+00, 4.391000e+00
1.828000e+00, 4.390667e+00
1.829000e+00, 4.390333e+00
1.830000e+00, 4.390000e+00
1.831000e+00, 4.389667e+00
1.832000e+00, 4.389333e+00
1.833000e+00, 4.389000e+00
1.834000e+00, 4.388667e+00
1.835000e+00, 4.388333e+00
1.836000e+00, 4.388000e+00
1.837000e+00, 4.387667e+00
1.838000e+00, 4.387333e+00
1.839000e+00, 4.387000e+00
1.840000e+00, 4.386667e+00
1.841000e+00, 4.386333e+00
1.842000e+00, 4.386000e+00
1.843000e+00, 4.385667e+00
1.844000e+00, 4.385333e+00
1.845000e+00, 4.385000e+00
1.846000e+00, 4.384667e+00
1.847000e+00, 4.384333e+00
1.848000e+00, 4.384000e+00
1.849000e+00, 4.383667e+00
1.850000e+00, 4.383333e+00
1.851000e+00, 4.383000e+00
1.852000e+00, 4.382667e+00
1.853000e+00, 4.382333e+00
1.854000e+00, 4.382000e+00
1.855000e+00, 4.381667e+00
1.856000e+00, 4.381333e+00
1.857000e+00, 4.381000e+00
1.858000e+00, 4.380667e+00
1.859000e+00, 4.380333e+00
1.860000e+00, 4.380000e+00
1.861000e+00, 4.379667e+00
1.862000e+00, 4.379333e+00
1.863000e+00, 4.379000e+00
1.864000e+00, 4.378667e+00
1.865000e+00, 4.378333e+00
1.866000e+00, 4.378000e+00
1.867000e+00, 4.377667e+00
1.868000e+00, 4.377333e+00
1.869000e+00, 4.377000e+00
1.870000e+00, 4.376667e+00
1.871000e+00, 4.376333e+00
1.872000e+00, 4.376000e+00
1.873000e+00, 4.375667e+00
1.874000e+00, 4.375333e+00
1.875000e+00, 4.375000e+00
1.876000e+00, 4.374667e+00
1.877000e+00, 4.374333e+00
1.878000e+00, 4.374000e+00
1.879000e+00, 4.373667e+00
1.880000e+00, 4.373333e+00
1.881000e+00, 4.373000e+00
1.882000e+00, 4.372667e+00
1.883000e+00, 4.372333e+00
1.884000e+00, 4.372000e+00
1.885000e+00, 4.371667e+00
1.886000e+00, 4.371333e+00
1.887000e+00, 4.371000e+00
1.888000e+00, 4.370667e+00
1.889000e+00, 4.370333e+00
1.890000e+00, 4.370000e+00
1.891000e+00, 4.369667e+00
1.892000e+00, 4.369333e+00
1.893000e+00, 4.369000e+00
1.894000e+00, 4.368667e+00
1.895000e+00, 4.368333e+00
1.896000e+00, 4.368000e+00
1.897000e+00, 4.367667e+00
1.898000e+00, 4.367333e+00
1.899000e+00, 4.367000e+00
1.900000e+00, 4.366667e+00
1.901000e+00, 4.366333e+00
1.902000e+00, 4.366000e+00
1.903000e+00, 4.365667e+00
1.904000e+00, 4.365333e+00
1.905000e+00, 4.365000e+00
1.906000e+00, 4.364667e+00
1.907000e+00, 4.364333e+00
1.908000e+00, 4.364000e+00
1.909000e+00, 4.363667e+00
1.910000e+00, 4.363333e+00
1.911000e+00, 4.363000e+00
1.912000e+00, 4.362667e+00
1.913000e+00, 4.362333e+00
1.914000e+00, 4.362000e+00
1.915000e+00, 4.361667e+00
1.916000e+00, 4.361333e+00
1.917000e+00, 4.361000e+00
1.918000e+00, 4.360667e+00
1.919000e+00, 4.360333e+00
1.920000e+00, 4.360000e+00
1.921000e+00, 4.359667e+00
1.922000e+00, 4.359333e+00
1.923000e+00, 4.359000e+00
1.924000e+00, 4.358667e+00
1.925000e+00, 4.358333e+00
1.926000e+00, 4.358000e+00
1.927000e+00, 4.357667e+00
1.928000e+00, 4.357333e+00
1.929000e+00, 4.357000e+00
1.930000e+00, 4.356667e+00
1.931000e+00, 4.356333e+00
1.932000e+00, 4.356000e+00
1.933000e+00, 4.355667e+00
1.934000e+00, 4.355333e+00
1.935000e+00, 4.355000e+00
1.936000e+00, 4.354667e+00
1.937000e+00, 4.354333e+00
1.938000e+00, 4.354000e+00
1.939000e+00, 4.353667e+00
1.940000e+00, 4.353333e+00
1.941000e+00, 4.353000e+00
1.942000e+00, 4.352667e+00
1.943000e+00, 4.352333e+00
1.944000e+00, 4.352000e+00
1.945000e+00, 4.351667e+00
1.946000e+00, 4.351333e+00
1.947000e+00, 4.351000e+00
1.948000e+00, 4.350667e+00
1.949000e+00, 4.350333e+00
1.950000e+00, 4.350000e+00
1.951000e+00, 4.349667e+00
1.952000e+00, 4.349333e+00
1.953000e+00, 4.349000e+00
1.954000e+00, 4.348667e+00
1.955000e+00, 4.348333e+00
1.956000e+00, 4.348000e+00
1.957000e+00, 4.347667e+00
1.958000e+00, 4.347333e+00
1.959000e+00, 4.347000e+00
1.960000e+00, 4.346667e+00
1.961000e+00, 4.346333e+00
1.962000e+00, 4.346000e+00
1.963000e+00, 4.345667e+00
1.964000e+00, 4.345333e+00
1.965000e+00, 4.345000e+00
1.966000e+00, 4.344667e+00
1.967000e+00, 4.344333e+00
1.968000e+00, 4.344000e+00
1.969000e+00, 4.343667e+00
1.970000e+00, 4.343333e+00
1.971000e+00, 4.343000e+00
1.972000e+00, 4.342667e+00
1.973000e+00, 4.342333e+00
1.974000e+00, 4.342000e+00
1.975000e+00, 4.341667e+00
1.976000e+00, 4.341333e+00
1.977000e+00, 4.341000e+00
1.978000e+00, 4.340667e+00
1.979000e+00, 4.340333e+00
1.980000e+00, 4.340000e+00
1.981000e+00, 4.339667e+00
1.982000e+00, 4.339333e+00
1.983000e+00, 4.339000e+00
1.984000e+00, 4.338667e+00
1.985000e+00, 4.338333e+00
1.986000e+00, 4.338000e+00
1.987000e+00, 4.337667e+00
1.988000e+00, 4.337333e+00
1.989000e+00, 4.337000e+00
1.990000e+00, 4.336667e+00
1.991000e+00, 4.336333e+00
1.992000e+00, 4.336000e+00
1.993000e+00, 4.335667e+00
1.994000e+00, 4.335333e+00
1.995000e+00, 4.335000e+00
1.996000e+00, 4.334667e+00
1.997000e+00, 4.334333e+00
1.998000e+00, 4.334000e+00
1.999000e+00, 4.333667e+00
2.000000e+00, 4.333333e+00
2.001000e+00, 4.333000e+00
2.002000e+00, 4.332667e+00
2.003000e+00, 4.332333e+00
2.004000e+00, 4.332000e+00
2.005000e+00, 4.331667e+00
2.006000e+00, 4.331333e+00
2.007000e+00, 4.331000e+00
2.008000e+00, 4.330667e+00
2.009000e+00, 4.330333e+00
2.010000e+00, 4.330000e+00
2.011000e+00, 4.329667e+00
2.012000e+00, 4.329333e+00
2.013000e+00, 4.329000e+00
2.014000e+00, 4.328667e+00
2.015000e+00, 4.328333e+00
2.016000e+00, 4.328000e+00
2.017000e+00, 4.327667e+00
2.018000e+00, 4.327333e+00
2.019000e+00, 4.327000e+00
2.020000e+00, 4.326667e+00
2.021000e+00, 4.326333e+00
2.022000e+00, 4.326000e+00
2.023000e+00, 4.325667e+00
2.024000e+00, 4.325333e+00
2.025000e+00, 4.325000e+00
2.026000e+00, 4.324667e+00
2.027000e+00, 4.324333e+00
2.028000e+00, 4.324000e+00
2.029000e+00, 4.323667e+00
2.030000e+00, 4.323333e+00
2.031000e+00, 4.323000e+00
2.032000e+00, 4.322667e+00
2.033000e+00, 4.322333e+00
2.034000e+00, 4.322000e+00
2.035000e+00, 4.321667e+00
2.036000e+00, 4.321333e+00
2.037000e+00, 4.321000e+00
2.038000e+00, 4.320667e+00
2.039000e+00, 4.320333e+00
2.040000e+00, 4.320000e+00
2.041000e+00, 4.319667e+00
2.042000e+00, 4.319333e+00
2.043000e+00, 4.319000e+00
2.044000e+00, 4.318667e+00
2.045000e+00, 4.318333e+00
2.046000e+00, 4.318000e+00
2.047000e+00, 4.317667e+00
2.048000e+00, 4.317333e+00
2.049000e+00, 4.317000e+00
2.050000e+00, 4.316667e+00
2.051000e+00, 4.316333e+00
2.052000e+00, 4.316000e+00
2.053000e+00, 4.315667e+00
2.054000e+00, 4.315333e+00
2.055000e+00, 4.315000e+00
2.056000e+00, 4.314667e+00
2.057000e+00, 4.314333e+00
2.058000e+00, 4.314000e+00
2.059000e+00, 4.313667e+00
2.060000e+00, 4.313333e+00
2.061000e+00, 4.313000e+00
2.062000e+00, 4.312667e+00
2.063000e+00, 4.312333e+00
2.064000e+00, 4.312000e+00
2.065000e+00, 4.311667e+00
2.066000e+00, 4.311333e+00
2.067000e+00, 4.311000e+00
2.068000e+00, 4.310667e+00
2.069000e+00, 4.310333e+00
2.070000e+00, 4.310000e+00
2.071000e+00, 4.309667e+00
2.072000e+00, 4.309333e+00
2.073000e+00, 4.309000e+00
2.074000e+00, 4.308667e+00
2.075000e+00, 4.308333e+00
2.076000e+00, 4.308000e+00
2.077000e+00, 4.307667e+00
2.078000e+00, 4.307333e+00
2.079000e+00, 4.307000e+00
2.080000e+00, 4.306667e+00
2.081000e+00, 4.306333e+00
2.082000e+00, 4.306000e+00
2.083000e+00, 4.305667e+00
2.084000e+00, 4.305333e+00
2.085000e+00, 4.305000e+00
2.086000e+00, 4.304667e+00
2.087000e+00, 4.304333e+00
2.088000e+00, 4.304000e+00
2.089000e+00, 4.303667e+00
2.090000e+00, 4.303333e+00
2.091000e+00, 4.303000e+00
2.092000e+00, 4.302667e+00
2.093000e+00, 4.302333e+00
2.094000e+00, 4.302000e+00
2.095000e+00, 4.301667e+00
2.096000e+00, 4.301333e+00
2.097000e+00, 4.301000e+00
2.098000e+00, 4.300667e+00
2.099000e+00, 4.300333e+00
2.100000e+00, 4.300000e+00
2.101000e+00, 4.299667e+00
2.102000e+00, 4.299333e+00
2.103000e+00, 4.299000e+00
2.104000e+00, 4.298667e+00
2.105000e+00, 4.298333e+00
2.106000e+00, 4.298000e+00
2.107000e+00, 4.297667e+00
2.108000e+00, 4.297333e+00
2.109000e+00, 4.297000e+00
2.110000e+00, 4.296667e+00
2.111000e+00, 4.296333e+00
2.112000e+00, 4.296000e+00
2.113000e+00, 4.295667e+00
2.114000e+00, 4.295333e+00
2.115000e+00, 4.295000e+00
2.116000e+00, 4.294667e+00
2.117000e+00, 4.294333e+00
2.118000e+00, 4.294000e+00
2.119000e+00, 4.293667e+00
2.120000e+00, 4.293333e+00
2.121000e+00, 4.293000e+00
2.122000e+00, 4.292667e+00
2.123000e+00, 4.292333e+00
2.124000e+00, 4.292000e+00
2.125000e+00, 4.291667e+00
2.126000e+00, 4.291333e+00
2.127000e+00, 4.291000e+00
2.128000e+00, 4.290667e+00
2.129000e+00, 4.290333e+00
2.130000e+00, 4.290000e+00
2.131000e+00, 4.289667e+00
2.132000e+00, 4.289333e+00
2.133000e+00, 4.289000e+00
2.134000e+00, 4.288667e+00
2.135000e+00, 4.288333e+00
2.136000e+00, 4.288000e+00
2.137000e+00, 4.287667e+00
2.138000e+00, 4.287333e+00
2.139000e+00, 4.287000e+00
2.140000e+00, 4.286667e+00
2.141000e+00, 4.286333e+00
2.142000e+00, 4.286000e+00
2.143000e+00, 4.285667e+00
2.144000e+00, 4.285333e+00
2.145000e+00, 4.285000e+00
2.146000e+00, 4.284667e+00
2.147000e+00, 4.284333e+00
2.148000e+00, 4.284000e+00
2.149000e+00, 4.283667e+00
2.150000e+00, 4.283333e+00
2.151000e+00, 4.283000e+00
2.152000e+00, 4.282667e+00
2.153000e+00, 4.282333e+00
2.154000e+00, 4.282000e+00
2.155000e+00, 4.281667e+00
2.156000e+00, 4.281333e+00
2.157000e+00, 4.281000e+00
2.158000e+00, 4.280667e+00
2.159000e+00, 4.280333e+00
2.160000e+00, 4.280000e+00
2.161000e+00, 4.279667e+00
2.162000e+00, 4.279333e+00
2.163000e+00, 4.279000e+00
2.164000e+00, 4.278667e+00
2.165000e+00, 4.278333e+00
2.166000e+00, 4.278000e+00
2.167000e+00, 4.277667e+00
2.168000e+00, 4.277333e+00
2.169000e+00, 4.277000e+00
2.170000e+00, 4.276667e+00
2.171000e+00, 4.276333e+00
2.172000e+00, 4.276000e+00
2.173000e+00, 4.275667e+00
2.174000e+00, 4.275333e+00
2.175000e+00, 4.275000e+00
2.176000e+00, 4.274667e+00
2.177000e+00, 4.274333e+00
2.178000e+00, 4.274000e+00
2.179000e+00, 4.273667e+00
2.180000e+00, 4.273333e+00
2.181000e+00, 4.273000e+00
2.182000e+00, 4.272667e+00
2.183000e+00, 4.272333e+00
2.184000e+00, 4.272000e+00
2.185000e+00, 4.271667e+00
2.186000e+00, 4.271333e+00
2.187000e+00, 4.271000e+00
2.188000e+00, 4.270667e+00
2.189000e+00, 4.270333e+00
2.190000e+00, 4.270000e+00
2.191000e+00, 4.269667e+00
2.192000e+00, 4.269333e+00
2.193000e+00, 4.269000e+00
2.194000e+00, 4.268667e+00
2.195000e+00, 4.268333e+00
2.196000e+00, 4.268000e+00
2.197000e+00, 4.267667e+00
2.198000e+00, 4.267333e+00
2.199000e+00, 4.267000e+00
2.200000e+00, 4.266667e+00
2.201000e+00, 4.266333e+00
2.202000e+00, 4.266000e+00
2.203000e+00, 4.265667e+00
2.204000e+00, 4.265333e+00
2.205000e+00, 4.265000e+00
2.206000e+00, 4.264667e+00
2.207000e+00, 4.264333e+00
2.208000e+00, 4.264000e+00
2.209000e+00, 4.263667e+00
2.210000e+00, 4.263333e+00
2.211000e+00, 4.263000e+00
2.212000e+00, 4.262667e+00
2.213000e+00, 4.262333e+00
2.214000e+00, 4.262000e+00
2.215000e+00, 4.261667e+00
2.216000e+00, 4.261333e+00
2.217000e+00, 4.261000e+00
2.218000e+00, 4.260667e+00
2.219000e+00, 4.260333e+00
2.220000e+00, 4.260000e+00
2.221000e+00, 4.259667e+00
2.222000e+00, 4.259333e+00
2.223000e+00, 4.259000e+00
2.224000e+00, 4.258667e+00
2.225000e+00, 4.258333e+00
2.226000e+00, 4.258000e+00
2.227000e+00, 4.257667e+00
2.228000e+00, 4.257333e+00
2.229000e+00, 4.257000e+00
2.230000e+00, 4.256667e+00
2.231000e+00, 4.256333e+00
2.232000e+00, 4.256000e+00
2.233000e+00, 4.255667e+00
2.234000e+00, 4.255333e+00
2.235000e+00, 4.255000e+00
2.236000e+00, 4.254667e+00
2.237000e+00, 4.254333e+00
2.238000e+00, 4.254000e+00
2.239000e+00, 4.253667e+00
2.240000e+00, 4.253333e+00
2.241000e+00, 4.253000e+00
2.242000e+00, 4.252667e+00
2.243000e+00, 4.252333e+00
2.244000e+00, 4.252000e+00
2.245000e+00, 4.251667e+00
2.246000e+00, 4.251333e+00
2.247000e+00, 4.251000e+00
2.248000e+00, 4.250667e+00
2.249000e+00, 4.250333e+00
2.250000e+00, 4.250000e+00
2.251000e+00, 4.249667e+00
2.252000e+00, 4.249333e+00
2.253000e+00, 4.249000e+00
2.254000e+00, 4.248667e+00
2.255000e+00, 4.248333e+00
2.256000e+00, 4.248000e+00
2.257000e+00, 4.247667e+00
2.258000e+00, 4.247333e+00
2.259000e+00, 4.247000e+00
2.260000e+00, 4.246667e+00
2.261000e+00, 4.246333e+00
2.262000e+00, 4.246000e+00
2.263000e+00, 4.245667e+00
2.264000e+00, 4.245333e+00
2.265000e+00, 4.245000e+00
2.266000e+00, 4.244667e+00
2.267000e+00, 4.244333e+00
2.268000e+00, 4.244000e+00
2.269000e+00, 4.243667e+00
2.270000e+00, 4.243333e+00
2.271000e+00, 4.243000e+00
2.272000e+00, 4.242667e+00
2.273000e+00, 4.242333e+00
2.274000e+00, 4.242000e+00
2.275000e+00, 4.241667e+00
2.276000e+00, 4.241333e+00
2.277000e+00, 4.241000e+00
2.278000e+00, 4.240667e+00
2.279000e+00, 4.240333e+00
2.280000e+00, 4.240000e+00
2.281000e+00, 4.239667e+00
2.282000e+00, 4.239333e+00
2.283000e+00, 4.239000e+00
2.284000e+00, 4.238667e+00
2.285000e+00, 4.238333e+00
2.286000e+00, 4.238000e+00
2.287000e+00, 4.237667e+00
2.288000e+00, 4.237333e+00
2.289000e+00, 4.237000e+00
2.290000e+00, 4.236667e+00
2.291000e+00, 4.236333e+00
2.292000e+00, 4.236000e+00
2.293000e+00, 4.235667e+00
2.294000e+00, 4.235333e+00
2.295000e+00, 4.235000e+00
2.296000e+00, 4.234667e+00
2.297000e+00, 4.234333e+00
2.298000e+00, 4.234000e+00
2.299000e+00, 4.233667e+00
2.300000e+00, 4.233333e+00
2.301000e+00, 4.233000e+00
2.302000e+00, 4.232667e+00
2.303000e+00, 4.232333e+00
2.304000e+00, 4.232000e+00
2.305000e+00, 4.231667e+00
2.306000e+00, 4.231333e+00
2.307000e+00, 4.231000e+00
2.308000e+00, 4.230667e+00
2.309000e+00, 4.230333e+00
2.310000e+00, 4.230000e+00
2.311000e+00, 4.229667e+00
2.312000e+00, 4.229333e+00
2.313000e+00, 4.229000e+00
2.314000e+00, 4.228667e+00
2.315000e+00, 4.228333e+00
2.316000e+00, 4.228000e+00
2.317000e+00, 4.227667e+00
2.318000e+00, 4.227333e+00
2.319000e+00, 4.227000e+00
2.320000e+00, 4.226667e+00
2.321000e+00, 4.226333e+00
2.322000e+00, 4.226000e+00
2.323000e+00, 4.225667e+00
2.324000e+00, 4.225333e+00
2.325000e+00, 4.225000e+00
2.326000e+00, 4.224667e+00
2.327000e+00, 4.224333e+00
2.328000e+00, 4.224000e+00
2.329000e+00, 4.223667e+00
2.330000e+00, 4.223333e+00
2.331000e+00, 4.223000e+00
2.332000e+00, 4.222667e+00
2.333000e+00, 4.222333e+00
2.334000e+00, 4.222000e+00
2.335000e+00, 4.221667e+00
2.336000e+00, 4.221333e+00
2.337000e+00, 4.221000e+00
2.338000e+00, 4.220667e+00
2.339000e+00, 4.220333e+00
2.340000e+00, 4.220000e+00
2.341000e+00, 4.219667e+00
2.342000e+00, 4.219333e+00
2.343000e+00, 4.219000e+00
2.344000e+00, 4.218667e+00
2.345000e+00, 4.218333e+00
2.346000e+00, 4.218000e+00
2.347000e+00, 4.217667e+00
2.348000e+00, 4.217333e+00
2.349000e+00, 4.217000e+00
2.350000e+00, 4.216667e+00
2.351000e+00, 4.216333e+00
2.352000e+00, 4.216000e+00
2.353000e+00, 4.215667e+00
2.354000e+00, 4.215333e+00
2.355000e+00, 4.215000e+00
2.356000e+00, 4.214667e+00
2.357000e+00, 4.214333e+00
2.358000e+00, 4.214000e+00
2.359000e+00, 4.213667e+00
2.360000e+00, 4.213333e+00
2.361000e+00, 4.213000e+00
2.362000e+00, 4.212667e+00
2.363000e+00, 4.212333e+00
2.364000e+00, 4.212000e+00
2.365000e+00, 4.211667e+00
2.366000e+00, 4.211333e+00
2.367000e+00, 4.211000e+00
2.368000e+00, 4.210667e+00
2.369000e+00, 4.210333e+00
2.370000e+00, 4.210000e+00
2.371000e+00, 4.209667e+00
2.372000e+00, 4.209333e+00
2.373000e+00, 4.209000e+00
2.374000e+00, 4.208667e+00
2.375000e+00, 4.208333e+00
2.376000e+00, 4.208000e+00
2.377000e+00, 4.207667e+00
2.378000e+00, 4.207333e+00
2.379000e+00, 4.207000e+00
2.380000e+00, 4.206667e+00
2.381000e+00, 4.206333e+00
2.382000e+00, 4.206000e+00
2.383000e+00, 4.205667e+00
2.384000e+00, 4.205333e+00
2.385000e+00, 4.205000e+00
2.386000e+00, 4.204667e+00
2.387000e+00, 4.204333e+00
2.388000e+00, 4.204000e+00
2.389000e+00, 4.203667e+00
2.390000e+00, 4.203333e+00
2.391000e+00, 4.203000e+00
2.392000e+00, 4.202667e+00
2.393000e+00, 4.202333e+00
2.394000e+00, 4.202000e+00
2.395000e+00, 4.201667e+00
2.396000e+00, 4.201333e+00
2.397000e+00, 4.201000e+00
2.398000e+00, 4.200667e+00
2.399000e+00, 4.200333e+00
2.400000e+00, 4.200000e+00
2.401000e+00, 4.199667e+00
2.402000e+00, 4.199333e+00
2.403000e+00, 4.199000e+00
2.404000e+00, 4.198667e+00
2.405000e+00, 4.198333e+00
2.406000e+00, 4.198000e+00
2.407000e+00, 4.197667e+00
2.408000e+00, 4.197333e+00
2.409000e+00, 4.197000e+00
2.410000e+00, 4.196667e+00
2.411000e+00, 4.196333e+00
2.412000e+00, 4.196000e+00
2.413000e+00, 4.195667e+00
2.414000e+00, 4.195333e+00
2.415000e+00, 4.195000e+00
2.416000e+00, 4.194667e+00
2.417000e+00, 4.194333e+00
2.418000e+00, 4.194000e+00
2.419000e+00, 4.193667e+00
2.420000e+00, 4.193333e+00
2.421000e+00, 4.193000e+00
2.422000e+00, 4.192667e+00
2.423000e+00, 4.192333e+00
2.424000e+00, 4.192000e+00
2.425000e+00, 4.191667e+00
2.426000e+00, 4.191333e+00
2.427000e+00, 4.191000e+00
2.428000e+00, 4.190667e+00
2.429000e+00, 4.190333e+00
2.430000e+00, 4.190000e+00
2.431000e+00, 4.189667e+00
2.432000e+00, 4.189333e+00
2.433000e+00, 4.189000e+00
2.434000e+00, 4.188667e+00
2.435000e+00, 4.188333e+00
2.436000e+00, 4.188000e+00
2.437000e+00, 4.187667e+00
2.438000e+00, 4.187333e+00
2.439000e+00, 4.187000e+00
2.440000e+00, 4.186667e+00
2.441000e+00, 4.186333e+00
2.442000e+00, 4.186000e+00
2.443000e+00, 4.185667e+00
2.444000e+00, 4.185333e+00
2.445000e+00, 4.185000e+00
2.446000e+00, 4.184667e+00
2.447000e+00, 4.184333e+00
2.448000e+00, 4.184000e+00
2.449000e+00, 4.183667e+00
2.450000e+00, 4.183333e+00
2.451000e+00, 4.183000e+00
2.452000e+00, 4.182667e+00
2.453000e+00, 4.182333e+00
2.454000e+00, 4.182000e+00
2.455000e+00, 4.181667e+00
2.456000e+00, 4.181333e+00
2.457000e+00, 4.181000e+00
2.458000e+00, 4.180667e+00
2.459000e+00, 4.180333e+00
2.460000e+00, 4.180000e+00
2.461000e+00, 4.179667e+00
2.462000e+00, 4.179333e+00
2.463000e+00, 4.179000e+00
2.464000e+00, 4.178667e+00
2.465000e+00, 4.178333e+00
2.466000e+00, 4.178000e+00
2.467000e+00, 4.177667e+00
2.468000e+00, 4.177333e+00
2.469000e+00, 4.177000e+00
2.470000e+00, 4.176667e+00
2.471000e+00, 4.176333e+00
2.472000e+00, 4.176000e+00
2.473000e+00, 4.175667e+00
2.474000e+00, 4.175333e+00
2.475000e+00, 4.175000e+00
2.476000e+00, 4.174667e+00
2.477000e+00, 4.174333e+00
2.478000e+00, 4.174000e+00
2.479000e+00, 4.173667e+00
2.480000e+00, 4.173333e+00
2.481000e+00, 4.173000e+00
2.482000e+00, 4.172667e+00
2.483000e+00, 4.172333e+00
2.484000e+00, 4.172000e+00
2.485000e+00, 4.171667e+00
2.486000e+00, 4.171333e+00
2.487000e+00, 4.171000e+00
2.488000e+00, 4.170667e+00
2.489000e+00, 4.170333e+00
2.490000e+00, 4.170000e+00
2.491000e+00, 4.169667e+00
2.492000e+00, 4.169333e+00
2.493000e+00, 4.169000e+00
2.494000e+00, 4.168667e+00
2.495000e+00, 4.168333e+00
2.496000e+00, 4.168000e+00
2.497000e+00, 4.167667e+00
2.498000e+00, 4.167333e+00
2.499000e+00, 4.167000e+00
2.500000e+00, 4.166667e+00
2.501000e+00, 4.166333e+00
2.502000e+00, 4.166000e+00
2.503000e+00, 4.165667e+00
2.504000e+00, 4.165333e+00
2.505000e+00, 4.165000e+00
2.506000e+00, 4.164667e+00
2.507000e+00, 4.164333e+00
2.508000e+00, 4.164000e+00
2.509000e+00, 4.163667e+00
2.510000e+00, 4.163333e+00
2.511000e+00, 4.163000e+00
2.512000e+00, 4.162667e+00
2.513000e+00, 4.162333e+00
2.514000e+00, 4.162000e+00
2.515000e+00, 4.161667e+00
2.516000e+00, 4.161333e+00
2.517000e+00, 4.161000e+00
2.518000e+00, 4.160667e+00
2.519000e+00, 4.160333e+00
2.520000e+00, 4.160000e+00
2.521000e+00, 4.159667e+00
2.522000e+00, 4.159333e+00
2.523000e+00, 4.159000e+00
2.524000e+00, 4.158667e+00
2.525000e+00, 4.158333e+00
2.526000e+00, 4.158000e+00
2.527000e+00, 4.157667e+00
2.528000e+00, 4.157333e+00
2.529000e+00, 4.157000e+00
2.530000e+00, 4.156667e+00
2.531000e+00, 4.156333e+00
2.532000e+00, 4.156000e+00
2.533000e+00, 4.155667e+00
2.534000e+00, 4.155333e+00
2.535000e+00, 4.155000e+00
2.536000e+00, 4.154667e+00
2.537000e+00, 4.154333e+00
2.538000e+00, 4.154000e+00
2.539000e+00, 4.153667e+00
2.540000e+00, 4.153333e+00
2.541000e+00, 4.153000e+00
2.542000e+00, 4.152667e+00
2.543000e+00, 4.152333e+00
2.544000e+00, 4.152000e+00
2.545000e+00, 4.151667e+00
2.546000e+00, 4.151333e+00
2.547000e+00, 4.151000e+00
2.548000e+00, 4.150667e+00
2.549000e+00, 4.150333e+00
2.550000e+00, 4.150000e+00
2.551000e+00, 4.149667e+00
2.552000e+00, 4.149333e+00
2.553000e+00, 4.149000e+00
2.554000e+00, 4.148667e+00
2.555000e+00, 4.148333e+00
2.556000e+00, 4.148000e+00
2.557000e+00, 4.147667e+00
2.558000e+00, 4.147333e+00
2.559000e+00, 4.147000e+00
2.560000e+00, 4.146667e+00
2.561000e+00, 4.146333e+00
2.562000e+00, 4.146000e+00
2.563000e+00, 4.145667e+00
2.564000e+00, 4.145333e+00
2.565000e+00, 4.145000e+00
2.566000e+00, 4.144667e+00
2.567000e+00, 4.144333e+00
2.568000e+00, 4.144000e+00
2.569000e+00, 4.143667e+00
2.570000e+00, 4.143333e+00
2.571000e+00, 4.143000e+00
2.572000e+00, 4.142667e+00
2.573000e+00, 4.142333e+00
2.574000e+00, 4.142000e+00
2.575000e+00, 4.141667e+00
2.576000e+00, 4.141333e+00
2.577000e+00, 4.141000e+00
2.578000e+00, 4.140667e+00
2.579000e+00, 4.140333e+00
2.580000e+00, 4.140000e+00
2.581000e+00, 4.139667e+00
2.582000e+00, 4.139333e+00
2.583000e+00, 4.139000e+00
2.584000e+00, 4.138667e+00
2.585000e+00, 4.138333e+00
2.586000e+00, 4.138000e+00
2.587000e+00, 4.137667e+00
2.588000e+00, 4.137333e+00
2.589000e+00, 4.137000e+00
2.590000e+00, 4.136667e+00
2.591000e+00, 4.136333e+00
2.592000e+00, 4.136000e+00
2.593000e+00, 4.135667e+00
2.594000e+00, 4.135333e+00
2.595000e+00, 4.135000e+00
2.596000e+00, 4.134667e+00
2.597000e+00, 4.134333e+00
2.598000e+00, 4.134000e+00
2.599000e+00, 4.133667e+00
2.600000e+00, 4.133333e+00
2.601000e+00, 4.133000e+00
2.602000e+00, 4.132667e+00
2.603000e+00, 4.132333e+00
2.604000e+00, 4.132000e+00
2.605000e+00, 4.131667e+00
2.606000e+00, 4.131333e+00
2.607000e+00, 4.131000e+00
2.608000e+00, 4.130667e+00
2.609000e+00, 4.130333e+00
2.610000e+00, 4.130000e+00
2.611000e+00, 4.129667e+00
2.612000e+00, 4.129333e+00
2.613000e+00, 4.129000e+00
2.614000e+00, 4.128667e+00
2.615000e+00, 4.128333e+00
2.616000e+00, 4.128000e+00
2.617000e+00, 4.127667e+00
2.618000e+00, 4.127333e+00
2.619000e+00, 4.127000e+00
2.620000e+00, 4.126667e+00
2.621000e+00, 4.126333e+00
2.622000e+00, 4.126000e+00
2.623000e+00, 4.125667e+00
2.624000e+00, 4.125333e+00
2.625000e+00, 4.125000e+00
2.626000e+00, 4.124667e+00
2.627000e+00, 4.124333e+00
2.628000e+00, 4.124000e+00
2.629000e+00, 4.123667e+00
2.630000e+00, 4.123333e+00
2.631000e+00, 4.123000e+00
2.632000e+00, 4.122667e+00
2.633000e+00, 4.122333e+00
2.634000e+00, 4.122000e+00
2.635000e+00, 4.121667e+00
2.636000e+00, 4.121333e+00
2.637000e+00, 4.121000e+00
2.638000e+00, 4.120667e+00
2.639000e+00, 4.120333e+00
2.640000e+00, 4.120000e+00
2.641000e+00, 4.119667e+00
2.642000e+00, 4.119333e+00
2.643000e+00, 4.119000e+00
2.644000e+00, 4.118667e+00
2.645000e+00, 4.118333e+00
2.646000e+00, 4.118000e+00
2.647000e+00, 4.117667e+00
2.648000e+00, 4.117333e+00
2.649000e+00, 4.117000e+00
2.650000e+00, 4.116667e+00
2.651000e+00, 4.116333e+00
2.652000e+00, 4.116000e+00
2.653000e+00, 4.115667e+00
2.654000e+00, 4.115333e+00
2.655000e+00, 4.115000e+00
2.656000e+00, 4.114667e+00
2.657000e+00, 4.114333e+00
2.658000e+00, 4.114000e+00
2.659000e+00, 4.113667e+00
2.660000e+00, 4.113333e+00
2.661000e+00, 4.113000e+00
2.662000e+00, 4.112667e+00
2.663000e+00, 4.112333e+00
2.664000e+00, 4.112000e+00
2.665000e+00, 4.111667e+00
2.666000e+00, 4.111333e+00
2.667000e+00, 4.111000e+00
2.668000e+00, 4.110667e+00
2.669000e+00, 4.110333e+00
2.670000e+00, 4.110000e+00
2.671000e+00, 4.109667e+00
2.672000e+00, 4.109333e+00
2.673000e+00, 4.109000e+00
2.674000e+00, 4.108667e+00
2.675000e+00, 4.108333e+00
2.676000e+00, 4.108000e+00
2.677000e+00, 4.107667e+00
2.678000e+00, 4.107333e+00
2.679000e+00, 4.107000e+00
2.680000e+00, 4.106667e+00
2.681000e+00, 4.106333e+00
2.682000e+00, 4.106000e+00
2.683000e+00, 4.105667e+00
2.684000e+00, 4.105333e+00
2.685000e+00, 4.105000e+00
2.686000e+00, 4.104667e+00
2.687000e+00, 4.104333e+00
2.688000e+00, 4.104000e+00
2.689000e+00, 4.103667e+00
2.690000e+00, 4.103333e+00
2.691000e+00, 4.103000e+00
2.692000e+00, 4.102667e+00
2.693000e+00, 4.102333e+00
2.694000e+00, 4.102000e+00
2.695000e+00, 4.101667e+00
2.696000e+00, 4.101333e+00
2.697000e+00, 4.101000e+00
2.698000e+00, 4.100667e+00
2.699000e+00, 4.100333e+00
2.700000e+00, 4.100000e+00
2.701000e+00, 4.099667e+00
2.702000e+00, 4.099333e+00
2.703000e+00, 4.099000e+00
2.704000e+00, 4.098667e+00
2.705000e+00, 4.098333e+00
2.706000e+00, 4.098000e+00
2.707000e+00, 4.097667e+00
2.708000e+00, 4.097333e+00
2.709000e+00, 4.097000e+00
2.710000e+00, 4.096667e+00
2.711000e+00, 4.096333e+00
2.712000e+00, 4.096000e+00
2.713000e+00, 4.095667e+00
2.714000e+00, 4.095333e+00
2.715000e+00, 4.095000e+00
2.716000e+00, 4.094667e+00
2.717000e+00, 4.094333e+00
2.718000e+00, 4.094000e+00
2.719000e+00, 4.093667e+00
2.720000e+00, 4.093333e+00
2.721000e+00, 4.093000e+00
2.722000e+00, 4.092667e+00
2.723000e+00, 4.092333e+00
2.724000e+00, 4.092000e+00
2.725000e+00, 4.091667e+00
2.726000e+00, 4.091333e+00
2.727000e+00, 4.091000e+00
2.728000e+00, 4.090667e+00
2.729000e+00, 4.090333e+00
2.730000e+00, 4.090000e+00
2.731000e+00, 4.089667e+00
2.732000e+00, 4.089333e+00
2.733000e+00, 4.089000e+00
2.734000e+00, 4.088667e+00
2.735000e+00, 4.088333e+00
2.736000e+00, 4.088000e+00
2.737000e+00, 4.087667e+00
2.738000e+00, 4.087333e+00
2.739000e+00, 4.087000e+00
2.740000e+00, 4.086667e+00
2.741000e+00, 4.086333e+00
2.742000e+00, 4.086000e+00
2.743000e+00, 4.085667e+00
2.744000e+00, 4.085333e+00
2.745000e+00, 4.085000e+00
2.746000e+00, 4.084667e+00
2.747000e+00, 4.084333e+00
2.748000e+00, 4.084000e+00
2.749000e+00, 4.083667e+00
2.750000e+00, 4.083333e+00
2.751000e+00, 4.083000e+00
2.752000e+00, 4.082667e+00
2.753000e+00, 4.082333e+00
2.754000e+00, 4.082000e+00
2.755000e+00, 4.081667e+00
2.756000e+00, 4.081333e+00
2.757000e+00, 4.081000e+00
2.758000e+00, 4.080667e+00
2.759000e+00, 4.080333e+00
2.760000e+00, 4.080000e+00
2.761000e+00, 4.079667e+00
2.762000e+00, 4.079333e+00
2.763000e+00, 4.079000e+00
2.764000e+00, 4.078667e+00
2.765000e+00, 4.078333e+00
2.766000e+00, 4.078000e+00
2.767000e+00, 4.077667e+00
2.768000e+00, 4.077333e+00
2.769000e+00, 4.077000e+00
2.770000e+00, 4.076667e+00
2.771000e+00, 4.076333e+00
2.772000e+00, 4.076000e+00
2.773000e+00, 4.075667e+00
2.774000e+00, 4.075333e+00
2.775000e+00, 4.075000e+00
2.776000e+00, 4.074667e+00
2.777000e+00, 4.074333e+00
2.778000e+00, 4.074000e+00
2.779000e+00, 4.073667e+00
2.780000e+00, 4.073333e+00
2.781000e+00, 4.073000e+00
2.782000e+00, 4.072667e+00
2.783000e+00, 4.072333e+00
2.784000e+00, 4.072000e+00
2.785000e+00, 4.071667e+00
2.786000e+00, 4.071333e+00
2.787000e+00, 4.071000e+00
2.788000e+00, 4.070667e+00
2.789000e+00, 4.070333e+00
2.790000e+00, 4.070000e+00
2.791000e+00, 4.069667e+00
2.792000e+00, 4.069333e+00
2.793000e+00, 4.069000e+00
2.794000e+00, 4.068667e+00
2.795000e+00, 4.068333e+00
2.796000e+00, 4.068000e+00
2.797000e+00, 4.067667e+00
2.798000e+00, 4.067333e+00
2.799000e+00, 4.067000e+00
2.800000e+00, 4.066667e+00
2.801000e+00, 4.066333e+00
2.802000e+00, 4.066000e+00
2.803000e+00, 4.065667e+00
2.804000e+00, 4.065333e+00
2.805000e+00, 4.065000e+00
2.806000e+00, 4.064667e+00
2.807000e+00, 4.064333e+00
2.808000e+00, 4.064000e+00
2.809000e+00, 4.063667e+00
2.810000e+00, 4.063333e+00
2.811000e+00, 4.063000e+00
2.812000e+00, 4.062667e+00
2.813000e+00, 4.062333e+00
2.814000e+00, 4.062000e+00
2.815000e+00, 4.061667e+00
2.816000e+00, 4.061333e+00
2.817000e+00, 4.061000e+00
2.818000e+00, 4.060667e+00
2.819000e+00, 4.060333e+00
2.820000e+00, 4.060000e+00
2.821000e+00, 4.059667e+00
2.822000e+00, 4.059333e+00
2.823000e+00, 4.059000e+00
2.824000e+00, 4.058667e+00
2.825000e+00, 4.058333e+00
2.826000e+00, 4.058000e+00
2.827000e+00, 4.057667e+00
2.828000e+00, 4.057333e+00
2.829000e+00, 4.057000e+00
2.830000e+00, 4.056667e+00
2.831000e+00, 4.056333e+00
2.832000e+00, 4.056000e+00
2.833000e+00, 4.055667e+00
2.834000e+00, 4.055333e+00
2.835000e+00, 4.055000e+00
2.836000e+00, 4.054667e+00
2.837000e+00, 4.054333e+00
2.838000e+00, 4.054000e+00
2.839000e+00, 4.053667e+00
2.840000e+00, 4.053333e+00
2.841000e+00, 4.053000e+00
2.842000e+00, 4.052667e+00
2.843000e+00, 4.052333e+00
2.844000e+00, 4.052000e+00
2.845000e+00, 4.051667e+00
2.846000e+00, 4.051333e+00
2.847000e+00, 4.051000e+00
2.848000e+00, 4.050667e+00
2.849000e+00, 4.050333e+00
2.850000e+00, 4.050000e+00
2.851000e+00, 4.049667e+00
2.852000e+00, 4.049333e+00
2.853000e+00, 4.049000e+00
2.854000e+00, 4.048667e+00
2.855000e+00, 4.048333e+00
2.856000e+00, 4.048000e+00
2.857000e+00, 4.047667e+00
2.858000e+00, 4.047333e+00
2.859000e+00, 4.047000e+00
2.860000e+00, 4.046667e+00
2.861000e+00, 4.046333e+00
2.862000e+00, 4.046000e+00
2.863000e+00, 4.045667e+00
2.864000e+00, 4.045333e+00
2.865000e+00, 4.045000e+00
2.866000e+00, 4.044667e+00
2.867000e+00, 4.044333e+00
2.868000e+00, 4.044000e+00
2.869000e+00, 4.043667e+00
2.870000e+00, 4.043333e+00
2.871000e+00, 4.043000e+00
2.872000e+00, 4.042667e+00
2.873000e+00, 4.042333e+00
2.874000e+00, 4.042000e+00
2.875000e+00, 4.041667e+00
2.876000e+00, 4.041333e+00
2.877000e+00, 4.041000e+00
2.878000e+00, 4.040667e+00
2.879000e+00, 4.040333e+00
2.880000e+00, 4.040000e+00
2.881000e+00, 4.039667e+00
2.882000e+00, 4.039333e+00
2.883000e+00, 4.039000e+00
2.884000e+00, 4.038667e+00
2.885000e+00, 4.038333e+00
2.886000e+00, 4.038000e+00
2.887000e+00, 4.037667e+00
2.888000e+00, 4.037333e+00
2.889000e+00, 4.037000e+00
2.890000e+00, 4.036667e+00
2.891000e+00, 4.036333e+00
2.892000e+00, 4.036000e+00
2.893000e+00, 4.035667e+00
2.894000e+00, 4.035333e+00
2.895000e+00, 4.035000e+00
2.896000e+00, 4.034667e+00
2.897000e+00, 4.034333e+00
2.898000e+00, 4.034000e+00
2.899000e+00, 4.033667e+00
2.900000e+00, 4.033333e+00
2.901000e+00, 4.033000e+00
2.902000e+00, 4.032667e+00
2.903000e+00, 4.032333e+00
2.904000e+00, 4.032000e+00
2.905000e+00, 4.031667e+00
2.906000e+00, 4.031333e+00
2.907000e+00, 4.031000e+00
2.908000e+00, 4.030667e+00
2.909000e+00, 4.030333e+00
2.910000e+00, 4.030000e+00
2.911000e+00, 4.029667e+00
2.912000e+00, 4.029333e+00
2.913000e+00, 4.029000e+00
2.914000e+00, 4.028667e+00
2.915000e+00, 4.028333e+00
2.916000e+00, 4.028000e+00
2.917000e+00, 4.027667e+00
2.918000e+00, 4.027333e+00
2.919000e+00, 4.027000e+00
2.920000e+00, 4.026667e+00
2.921000e+00, 4.026333e+00
2.922000e+00, 4.026000e+00
2.923000e+00, 4.025667e+00
2.924000e+00, 4.025333e+00
2.925000e+00, 4.025000e+00
2.926000e+00, 4.024667e+00
2.927000e+00, 4.024333e+00
2.928000e+00, 4.024000e+00
2.929000e+00, 4.023667e+00
2.930000e+00, 4.023333e+00
2.931000e+00, 4.023000e+00
2.932000e+00, 4.022667e+00
2.933000e+00, 4.022333e+00
2.934000e+00, 4.022000e+00
2.935000e+00, 4.021667e+00
2.936000e+00, 4.021333e+00
2.937000e+00, 4.021000e+00
2.938000e+00, 4.020667e+00
2.939000e+00, 4.020333e+00
2.940000e+00, 4.020000e+00
2.941000e+00, 4.019667e+00
2.942000e+00, 4.019333e+00
2.943000e+00, 4.019000e+00
2.944000e+00, 4.018667e+00
2.945000e+00, 4.018333e+00
2.946000e+00, 4.018000e+00
2.947000e+00, 4.017667e+00
2.948000e+00, 4.017333e+00
2.949000e+00, 4.017000e+00
2.950000e+00, 4.016667e+00
2.951000e+00, 4.016333e+00
2.952000e+00, 4.016000e+00
2.953000e+00, 4.015667e+00
2.954000e+00, 4.015333e+00
2.955000e+00, 4.015000e+00
2.956000e+00, 4.014667e+00
2.957000e+00, 4.014333e+00
2.958000e+00, 4.014000e+00
2.959000e+00, 4.013667e+00
2.960000e+00, 4.013333e+00
2.961000e+00, 4.013000e+00
2.962000e+00, 4.012667e+00
2.963000e+00, 4.012333e+00
2.964000e+00, 4.012000e+00
2.965000e+00, 4.011667e+00
2.966000e+00, 4.011333e+00
2.967000e+00, 4.011000e+00
2.968000e+00, 4.010667e+00
2.969000e+00, 4.010333e+00
2.970000e+00, 4.010000e+00
2.971000e+00, 4.009667e+00
2.972000e+00, 4.009333e+00
2.973000e+00, 4.009000e+00
2.974000e+00, 4.008667e+00
2.975000e+00, 4.008333e+00
2.976000e+00, 4.008000e+00
2.977000e+00, 4.007667e+00
2.978000e+00, 4.007333e+00
2.979000e+00, 4.007000e+00
2.980000e+00, 4.006667e+00
2.981000e+00, 4.006333e+00
2.982000e+00, 4.006000e+00
2.983000e+00, 4.005667e+00
2.984000e+00, 4.005333e+00
2.985000e+00, 4.005000e+00
2.986000e+00, 4.004667e+00
2.987000e+00, 4.004333e+00
2.988000e+00, 4.004000e+00
2.989000e+00, 4.003667e+00
2.990000e+00, 4.003333e+00
2.991000e+00, 4.003000e+00
2.992000e+00, 4.002667e+00
2.993000e+00, 4.002333e+00
2.994000e+00, 4.002000e+00
2.995000e+00, 4.001667e+00
2.996000e+00, 4.001333e+00
2.997000e+00, 4.001000e+00
2.998000e+00, 4.000667e+00
2.999000e+00, 4.000333e+00
3.000000e+00, 4.000000e+00
